HeroName,Aliases,Alignment,Combat,Durability,EyeColor,FullName,Gender,HairColor,Height,Intelligence,Nicknames,Placeofbirth,Power,Publisher,Race,Category,SkinColor,Speed,Strength,Weight,FirstApperance
Zoom,-,bad,28,28,Red,Hunter Zolomon,male,Brown,6'1 // 185 cm,50,-,-,100,DC Comics,-,Unknown,,100,10,181 lb // 81 kg,2001
Bizarro,-,neutral,85,100,Black,Bizarro,male,Black,6'3 // 191 cm,38,-,-,100,DC Comics,Bizarro,Mutant,White,100,95,345 lb // 155 kg,1958
Krypto,-,good,40,90,Blue,Krypto the Superdog,male,White,0'25 // 64 cm,9,-,-,78,DC Comics,Kryptonian,Alien,,100,80,40 lb // 18 kg,1955
Jack-of-Hearts,-,good,30,30,Blue / White,Jonathan Hart,male,Brown,5'1 // 155 cm,63,Jack,"New Haven, Connecticut",77,Marvel Comics,Human,Human,,100,55,175 lb // 79 kg,1976
Black-Bolt,-,good,56,84,Blue,Blackagar Boltagon,male,Black,6'2 // 188 cm,75,-,"Attilan, Atlantic Ocean",100,Marvel Comics,Inhuman,Inhuman,,100,67,210 lb // 95 kg,1965
Air-Walker,-,bad,40,85,Blue,Gabriel Lan,male,White,6'2 // 188 cm,50,-,"Xandar, a planet in the Tranta system, Andromeda galaxy",100,Marvel Comics,-,Unknown,,100,85,240 lb // 108 kg,1972
Tyrant,-,bad,65,100,Red,Tyrant,male,No Hair,10'0 // 305 cm,94,-,-,100,Marvel Comics,Cosmic Entity,Human,,100,100,2440 lb // 1 tons,1993
Silver-Surfer,-,good,32,90,White,Norrin Radd,male,No Hair,6'4 // 193 cm,56,"Skyrider, Sentinel of the Spaceways, Silverado, Chrome Dome",Zenn-La,100,Marvel Comics,Alien,Alien,Silver,100,100,225 lb // 101 kg,1966
Bizarro-Girl,"Bizarro Supergirl, Bizarrogirl, Bizarro Girl",neutral,75,100,Red,-,female,Blond,5'7 // 170 cm,50,-,-,100,DC Comics,Bizarro,Robot,,100,100,- lb // 0 kg,2010
Superman,"Clark Joseph Kent, The Man of Steel, the Man of Tomorrow, the Last Son of Krypton, Big Blue, the Metropolis Marvel, the Action Ace",good,85,100,Blue,Clark Kent (Kal-El),male,Black,6'3 // 191 cm,100,"C.K., Clark Kent",Krypton,100,DC Comics,Kryptonian,Alien,,100,100,225 lb // 101 kg,1938
Stardust,Entity Lambda-Zero,good,85,110,-,-,male,-,- // 0 cm,88,-,-,100,Marvel Comics,-,Unknown,,100,85,- lb // 0 kg,2005
Impulse,"Flash IV, Kid Flash II",good,60,60,Yellow,Bartholomew Allen II,male,Auburn,5'7 // 170 cm,50,Bart Allen,-,74,DC Comics,Human,Human,,100,10,145 lb // 65 kg,1994
Nova,"Frances Hyatt, Human Torch",good,35,100,White,Frankie Raye,female,Red,5'4 // 163 cm,63,-,-,100,Marvel Comics,Human / Cosmic,Human,Gold,100,60,130 lb // 59 kg,1976
Flash-IV,"Impulse, Kid Flash II",good,48,32,Yellow,Bartholomew Allen II,male,Auburn,5'2 // 157 cm,63,Bart Allen,-,100,DC Comics,Human,Human,,100,10,115 lb // 52 kg,1994
Flash-I,"Jay Garrick, Siegfreid the Speedster",good,32,50,Blue,Jason Peter Garrick,male,Brown / White,5'11 // 180 cm,63,-,"Hibbardsville, Kansas",68,DC Comics,Human,Human,,100,10,179 lb // 81 kg,1940
Power-Girl,"Karen Starr, Nightwing",good,75,100,blue,Kara Zor-L,female,blond,5'11 // 180 cm,94,-,-,100,DC Comics,Kryptonian,Alien,,100,100,180 lb // 81 kg,1976
Supergirl,"Linda Lang, Kara-El, Kara Kent, Flamebird, Trinity Child, Teen of Tomorrow, The Girl of Steel, The Maid of Might, The Princess of Power, Mighty Maid, Claire Connors, Bluebird",good,75,100,Blue,Kara Zor-El,female,Blond,5'5 // 165 cm,94,-,"Argo City, Krypton",100,DC Comics,Kryptonian,Alien,,100,100,120 lb // 54 kg,1956
Gladiator,"Majestor, Praetor, Captain Universe",neutral,70,100,Blue,Kallark,male,Blue,6'6 // 198 cm,50,-,-,73,Marvel Comics,Strontian,Inhuman,Purple,100,100,595 lb // 268 kg,1977
Quicksilver,"Pietro Frank, Gypsy Davey, Mateo Maximoff",good,56,60,Blue,Pietro Django Maximoff,male,Silver,6'0 // 183 cm,63,-,"Wundagore Mountain, Transia (in Eastern Europe)",52,Marvel Comics,Mutant,Mutant,,100,28,175 lb // 79 kg,1964
Professor-Zoom,"Reverse Flash, Black Flash, Adrian Zoom, Mister Zyx",bad,20,20,Blue,Eobard Thawne,male,Strawberry Blond,5'11 // 180 cm,94,-,-,83,DC Comics,Human,Human,,100,10,179 lb // 81 kg,1963
Spectre,"Spirit of Vengeance, Wrath of God, Spirit of Redemption, Raguel, James Corrigan, Hal Jordan, Cripus Allen",good,70,100,White,-,male,No Hair,- // 0 cm,88,-,-,100,DC Comics,God / Eternal,God,White,100,100,- lb // 0 kg,1940
Superboy-Prime,Superman-Prime; Prime; Superboy; Clark Kent; Clarkie; Time Trapper,bad,85,100,Blue,Kal-El,male,Black / Blue,5'11 // 180 cm,94,-,Krypton (Earth-Prime),100,DC Comics,Kryptonian,Alien,,100,100,170 lb // 77 kg,1985
Flash-III,"The Fastest Man Alive, The Scarlet Speedster; formerly, Kid Flash I",good,32,60,-,Wallace Rudolph West,male,-,6'0 // 183 cm,63,Wally West,"Blue Valley, Nebraska",100,DC Comics,Human,Human,,100,10,190 lb // 86 kg,1986
Flash-II,"The Scarlet Speedster, the Fastest Man Alive, the Monarch of Motion, the Sultan of Speed",good,60,60,Blue,Bartholomew Henry Allen,male,Blond,6'0 // 183 cm,75,-,"Fallville, Iowa",100,DC Comics,Human,Human,,100,10,195 lb // 88 kg,1956
Sentry,"Void, Bob, Golden Guardian of Good, John Victor Williams, Scout",neutral,40,84,Blue,Robert Reynolds,male,Blond,6'2 // 188 cm,75,-,-,100,Marvel Comics,Mutant,Mutant,,100,100,194 lb // 87 kg,2000
General-Zod,Dru-Zod (possible first name),bad,95,100,Black,Dru-Zod,male,Black,- // 0 cm,94,Zod,Krypton,100,DC Comics,Kryptonian,Alien,,96,100,- lb // 0 kg,1961
Cyborg-Superman,"Grandmaster of the Manhunters, Herald of the Anti-Monitor, Alpha-Prime of the Alpha Lanterns",bad,80,100,Blue,Henry Henshaw,male,Black,- // 0 cm,75,Hank,-,100,DC Comics,Cyborg,Robot,,92,93,- lb // 0 kg,1990
Black-Adam,"Hassan Bari, Theo Adam, Mighty Adam, Khem-Adam",bad,56,100,Brown,Teth-Adam,male,Black,6'3 // 191 cm,88,-,"Kahndaq, Egypt",100,DC Comics,-,Unknown,,92,100,250 lb // 113 kg,1945
Kid-Flash,Kid Lantern,good,30,42,Green,Wallace Rudolph West,male,Red,- // 0 cm,25,Wally,"Blue Valley, Nebraska",20,DC Comics,Human,Human,,92,4,- lb // 0 kg,1959
Martian-Manhunter,"ohn Jones; J'Onn J'Onzz (alternate spelling); Big Green Buddy; J.J.; Jolly Green Giant; Light to the Light; Manhunter; Manhunter from Mars; Son of Mars; Bronze Wraith, Bloodwynd, many others",good,85,100,Red,J'onn J'onzz,male,No Hair,6'7 // 201 cm,100,-,-,100,DC Comics,Martian,Mutant,Green,92,95,300 lb // 135 kg,1955
Luna,-,good,14,14,-,Luna Maximoff,female,-,- // 0 cm,38,-,"Attilan, Blue Area of the Moon",53,Marvel Comics,Human,Human,,83,6,- lb // 0 kg,1982
Fallen-One-II,-,bad,56,100,Black,-,male,Blue,- // 0 cm,88,-,-,100,Marvel Comics,-,Unknown,,83,85,- lb // 0 kg,2004
Abraxas,-,bad,55,100,Blue,Abraxas,male,Black,- // 0 cm,88,-,Within Eternity,100,Marvel Comics,Cosmic Entity,Human,,83,63,- lb // 0 kg,1970
Darkseid,Dark God,bad,95,100,Red,Uxas,male,No Hair,8'9 // 267 cm,88,-,-,100,DC Comics,New God,God,Grey,83,100,1815 lb // 817 kg,1962
Thor,"Donald Blake, Sigurd Jarlson, Jake Olsen, Donar the Mighty",good,100,100,Blue,Thor Odinson,male,Blond,6'6 // 198 cm,69,-,Asgard,100,Marvel Comics,Asgardian,Human,,83,100,640 lb // 288 kg,1993
Superboy,"Experiment 13; Superman; Project: Superman; Carl Krummett; Project: Lionel Luthor; The Metropolis Kid, Superman",good,60,90,Blue,Kon-El / Conner Kent,male,Black,5'7 // 170 cm,75,-,Project Cadmus cloning facility,91,DC Comics,-,Unknown,,83,95,150 lb // 68 kg,1979
Northstar,Jean-Paul Martin,good,70,56,Blue,Jean-Paul Beaubier,male,Black,5'11 // 180 cm,50,-,"Montreal, Quͩbec, Canada",65,Marvel Comics,-,Unknown,,83,18,185 lb // 83 kg,1966
Galactus,"Maker, Devourer of Worlds, Eater-of-Worlds, Ravager of Worlds",neutral,50,100,Black,Galan,male,Black,28'9 // 876 cm,100,-,(Galan) Taa; (Galactus) the Cosmic Egg,100,Marvel Comics,Cosmic Entity,Human,,83,100,36400 lb // 16 tons,1979
Aurora,Once mistaken for Danielle Belmonde,good,56,56,Blue,Jeanne-Marie Beaubier,female,Black,5'11 // 180 cm,50,-,"Montreal, Quebec, Canada",64,Marvel Comics,-,Unknown,,83,15,140 lb // 63 kg,1960
Amazo,"Professor Ivos Amazing Android, Timazo, Humazo, Hourmazo",bad,100,100,Red,-,male,-,8'5 // 257 cm,63,-,-,100,DC Comics,Robot,Robot,,83,100,385 lb // 173 kg,1972
Steppenwolf,Steppenwulf,bad,100,100,Red,-,male,Black,6'0 // 183 cm,94,-,-,100,DC Comics,New God,God,White,83,100,203 lb // 91 kg,1973
Match,"Superboy, Superman",bad,70,85,Black,Kent Connor,male,Black,- // 0 cm,75,-,-,97,DC Comics,-,Unknown,,83,95,- lb // 0 kg,1993
Dormammu,"The Dread One, Eater of Souls, Lord of Chaos, Lord of Darkness, the Great Enigma, Flyx",bad,80,100,Yellow,Dormammu,male,No Hair,6'1 // 185 cm,88,-,Faltine Dimension,100,Marvel Comics,-,Unknown,,83,95,- lb // 0 kg,1966
Ego,The Living Planet,bad,28,99,-,Ego,unidentified,-,- // 0 cm,88,-,The Black Galaxy,71,Marvel Comics,-,Unknown,,83,80,- lb // 0 kg,1968
Siren,-,bad,60,60,Blue,Hila,female,Purple,5'9 // 175 cm,56,-,-,92,DC Comics,Atlantean,Alien,,79,62,160 lb // 72 kg,1965
Big-Barda,"Barda, the Strongest Woman in the World",bad,100,100,Blue,Barda Free,female,Black,6'2 // 188 cm,88,-,-,96,DC Comics,New God,God,,79,100,300 lb // 135 kg,1971
Aquaman,"Dweller in the Depths, Swimmer, Waterbearer, Mental Man, Aquaboy, Water Wraith",good,80,80,Blue,Orin,male,Blond,6'1 // 185 cm,69,-,Atlantis,100,DC Comics,Atlantean,Alien,,79,85,325 lb // 146 kg,1941
Warlock,"Him, (in an alternate future) the Magus",good,95,95,Red,Adam Warlock,male,Blond,6'2' // 188 cm,88,-,"The Beehive, Shard Island, Atlantic Ocean",71,Marvel Comics,-,Unknown,,79,36,240 lb // 108 kg,1967
Wonder-Woman,"Princess Diana, Princess of the Amazons, Goddess of Truth,  Wondy, Wonder Girl, The Amazon Princess",good,100,100,Blue,Diana of Themyscira,female,Black,6'0 // 183 cm,88,-,Themyscira,100,DC Comics,Amazon,Inhuman,,79,100,165 lb // 74 kg,1941
Mera,"Queen of Atlantis, Aquawoman, Aquagirl, Water-Woman",good,80,60,Blue,-,female,Red,5'9 // 175 cm,56,-,-,92,DC Comics,Atlantean,Alien,,79,62,160 lb // 72 kg,1963
Isis,-,good,56,46,-,Adrianna Tomaz,female,-,- // 0 cm,75,-,-,50,DC Comics,-,Unknown,,75,48,- lb // 0 kg,1976
Faora,Katie,bad,90,100,-,Faora Hu-Ul,female,-,- // 0 cm,88,-,-,94,DC Comics,Kryptonian,Alien,,75,95,- lb // 0 kg,1977
Hyperion,Mark Milton,good,80,95,Blue,-,male,Red,6' // 183 cm,81,-,-,71,Marvel Comics,-,Unknown,,75,100,460 lb // 207 kg,1969
Firelord,Nova Centurion,good,28,90,White,Pyreus Kril,unidentified,Yellow,6'4' // 193 cm,38,-,"Xander, planet in Tranta System, Andromeda Galaxy",48,Marvel Comics,-,Unknown,,75,63,220 lb // 99 kg,1974
Nova,"Rich, Bucket-Head, Human Rocket, Kid Nova, , Nova Prime, Quasar",good,80,100,Brown,Richard Rider,male,Brown,6'1 // 185 cm,100,-,"Queens, NY",100,Marvel Comics,Human,Human,,75,85,190 lb // 86 kg,1976
Vanisher,Telford Porter,bad,42,56,Green,-,male,No Hair,5'5 // 165 cm,63,-,"Boston, Massachusetts",61,Marvel Comics,-,Unknown,,75,10,175 lb // 79 kg,1963
Captain-Planet,"The Captain, CP, Planet",good,60,80,Red,-,male,Green,- // 0 cm,50,-,-,100,Marvel Comics,God / Eternal,God,,75,88,- lb // 0 kg,1990
Silk,-,good,65,70,Brown,-,female,Black,- // 0 cm,75,-,-,71,Marvel Comics,Human,Human,,71,48,- lb // 0 kg,2014
Captain-Marvel,"Ace, Binary, Lady Marvel, Warbird, others used during her espionage career",good,80,90,Blue,Carol Susan Jane Danvers,female,Blond,5'11 // 180 cm,81,-,"Boston, Massachusetts",100,Marvel Comics,Human / Radiation,Human,,71,83,165 lb // 74 kg,1968
Thor-Girl,"Asgard Lass, the Designate, the Destroyer, Hammerette, Hammer Girl, Hammer Lass, Tara Olson, Spirit of the Jewel, the Supreme, Thoreta, Thorita, Thor Lass",good,70,84,Blue,Tarene,female,Blond,5'9 // 175 cm,75,-,-,100,Marvel Comics,Asgardian,Human,,70,83,317 lb // 143 kg,2000
Toxin,Larry,good,70,84,Blue,Patrick Mulligan,male,Brown,6'2 // 188 cm,56,Paddy,New York City,82,Marvel Comics,Symbiote,Alien,,70,73,215 lb // 97 kg,2004
Carnage,"Mass Carnage, 999th",bad,90,84,Green,Cletus Kasady,male,Red,6'1 // 185 cm,63,-,-,88,Marvel Comics,Symbiote,Alien,,70,63,190 lb // 86 kg,1992
Thunderstrike,Thor,good,72,84,Blue,Eric Kevin Masterson,male,Blond,6'6 // 198 cm,63,-,-,42,Marvel Comics,-,Unknown,,70,80,640 lb // 288 kg,1988
Magus,Warlock's Father,bad,74,99,Black,-,male,-,6'0 // 183 cm,88,-,Kvch (Technarchy��s home planet),100,Marvel Comics,-,Unknown,,70,100,- lb // 0 kg,1984
Watcher,-,good,56,89,-,Uatu,male,-,- // 0 cm,100,-,-,100,Marvel Comics,-,Unknown,,67,80,- lb // 0 kg,1963
Cannonball,"Formerly Samson Guthry, Sam Guthrie, Jet-Ass",good,56,99,Blue,Samuel Zachery Guthrie,male,Blond,6'0 // 183 cm,50,-,"Cumberland County, Kentucky",84,Marvel Comics,-,Unknown,,67,28,181 lb // 81 kg,1982
Sif,"Lady Sif, Erika Velez, Mrs. Chambers, Sybil",good,70,80,Blue,Sif,female,Black,6'2 // 188 cm,63,-,-,100,Marvel Comics,Asgardian,Human,,67,90,425 lb // 191 kg,1964
Jean-Grey,"Redd Dayspring, Marvel Girl",good,70,100,Green,Jean Grey-Summers,female,Red,5'6 // 168 cm,100,-,-,100,Marvel Comics,Mutant,Mutant,,67,80,115 lb // 52 kg,1963
Phoenix,"Redd Dayspring, Marvel Girl",good,70,100,Green,Jean Grey-Summers,female,Red,5'6 // 168 cm,100,-,-,100,Marvel Comics,Mutant,Mutant,,67,80,115 lb // 52 kg,1963
Spider-Man,"Spiderman, Bag-Man, Black Marvel, Captain Universe, Dusk, Green Hood, Hornet, Mad Dog 336, Peter Palmer, Prodigy, Ricochet, Scarlet Spider, Spider-Boy, Spider-Hulk, Spider-Morphosis",good,85,75,Hazel,Peter Benjamin Parker,male,Brown,5'10 // 178 cm,90,"Spidey, Friendly Neighborhood Spider-Man, Webslinger, Webhead, Spiderman","New York, New York",74,Marvel Comics,Human,Human,,67,55,165 lb // 74 kg,1962
Doomsday,The Ultimate Lifeform,bad,90,100,Red,Doomsday,male,White,8'0 // 244 cm,75,-,Krypton,100,DC Comics,Alien,Alien,,67,100,915 lb // 412 kg,1992
Captain-Marvel,"The World's Mightiest Mortal, The Big Red Cheese, Captain Thunder, Shazam",good,56,95,Blue,William Joseph Batson,male,Black,6'4 // 193 cm,100,-,"Fawcett City, United States",100,DC Comics,Human,Human,,67,100,225 lb // 101 kg,1967
Red-Tornado,"Ulthoon, Tornado Tyrant of Rann, Tornado Champion, Tornado Man Dreaming, ""Reddy""",good,40,60,Green,John Smith,male,No Hair,6'1 // 185 cm,75,-,-,100,DC Comics,Robot,Robot,,67,38,325 lb // 146 kg,1968
Venom,-,bad,84,84,Blue,Edward Charles Allan Brock,male,Strawberry Blond,6'3 // 191 cm,75,-,"New York, New York",86,Marvel Comics,Symbiote,Alien,,65,57,260 lb // 117 kg,1984
Anti-Venom,"Eddie, Edwin Brock, Venom, Lethal Protector, White Venom, 998th",-,84,90,Blue,Edward Charles Allan Brock,male,Blond,7'6 // 229 cm,75,-,"San Francisco, California",96,Marvel Comics,Symbiote,Alien,,65,60,795 lb // 358 kg,2008
Hulk,"Annihilator, Captain Universe, Joe Fixit, Mr. Fixit, Mechano, Professor, War",good,85,100,Green,Robert Bruce Banner,male,Green,8'0 // 244 cm,88,"Jade Jaws, Golly Green Giant","Dayton, Ohio",98,Marvel Comics,Human / Radiation,Human,Green,63,100,1400 lb // 630 kg,1962
Venompool,Deadpool,-,100,100,-,-,male,-,7'5 // 226 cm,69,-,-,100,Marvel Comics,Symbiote,Alien,,63,57,- lb // 0 kg,1980
Human-Torch,"Matchstick Johnny, Doug Brown",good,42,70,Blue,Jonathan Lowell Spencer Storm,male,Blond,5'10 // 178 cm,63,Johnny,"Glenville, Long Island, New York",84,Marvel Comics,Human / Radiation,Human,,63,11,170 lb // 77 kg,1961
Brainiac,Milton Fine,bad,75,90,Green,Vril Dox,male,No Hair,6'6 // 198 cm,100,-,-,60,DC Comics,Android,Alien,Green,63,95,300 lb // 135 kg,1958
War-Machine,"Rhodey, Iron Man, Jim Rhodes",good,85,100,Brown,James Rupert Rhodes,male,Brown,6'1 // 185 cm,63,-,"Philadelphia, Pennsylvania",100,Marvel Comics,Human,Human,,63,80,210 lb // 95 kg,1979
Spider-Gwen,Spider-Woman,good,70,70,Blue,Gwendolyne Stacy,female,Blond,5'5 // 165 cm,75,-,-,66,Marvel Comics,Human,Human,,63,55,125 lb // 56 kg,2014
Spider-Girl,-,good,75,65,Blue,May 'Mayday' Parker,female,Brown,5'7 // 170 cm,63,-,"New York City, New York",53,Marvel Comics,Human,Human,,60,38,119 lb // 54 kg,1998
Osiris,-,good,42,95,Brown,Amon Tomaz,male,Brown,- // 0 cm,75,-,-,65,DC Comics,-,Unknown,,60,85,- lb // 0 kg,2006
Mach-IV,"Beetle, MACH-I, MACH-II, MACH-III, Matthew",bad,56,84,Brown,Abner Jenkins,male,Brown,5'11 // 180 cm,75,-,"Baltimore, Maryland",60,Marvel Comics,-,Unknown,,60,36,175 lb // 79 kg,1964
Scarlet-Spider,"Spider-Clone, Spider-Man",good,56,74,Blue,Benjamin Reilly,male,Blond,5'10' // 178 cm,75,Ben,Place of birth unknown,46,Marvel Comics,Human,Human,,60,53,165 lb // 74 kg,1975
Scarlet-Spider-II,"Tarantula, Kaine, Araͱa Escarlata",good,56,40,Brown,Kaine Parker,male,Brown,6'4 // 193 cm,88,-,-,37,Marvel Comics,Clone,Inhuman,,60,55,250 lb // 113 kg,1994
Doppelganger,"The Spider-Man Doppelganger, Spider-Doppelganger, Mindless One",bad,84,95,White,-,male,No Hair,6'5 // 196 cm,8,-,The Dimension of Manifestations,69,Marvel Comics,-,Unknown,,60,63,230 lb // 104 kg,1992
Scorpion,"Venom, Spider-Man",bad,80,85,Brown,MacDonald Gargan,male,Brown,6'11 // 211 cm,50,Mac,-,49,Marvel Comics,Human,Human,,60,52,689 lb // 310 kg,1965
Destroyer,-,bad,70,98,-,-,male,-,6'2 // 188 cm,50,-,Created in Asgard,85,Marvel Comics,-,Unknown,,58,95,850 lb // 383 kg,1965
Kang,"Blue Man, Victor Timely, Blue Totem, Scarlet Centurion, Rama-Tut, King of Kings, Master of Men, Lord of the Seven Suns",bad,70,70,Brown,Nathaniel Richards,male,Brown,6'3 // 191 cm,100,-,"Other Earth, 31st century",100,Marvel Comics,-,Unknown,,58,48,230 lb // 104 kg,1964
Banshee,Death,good,70,40,Green,Sean Cassidy,male,Strawberry Blond,6'0 // 183 cm,50,-,"Cassidy Keep, Ireland",63,Marvel Comics,Human,Human,,58,10,170 lb // 77 kg,1967
Hybrid,"Guardsman Number Six, Terror of Brooklyn, Riot ,Phage , Lasher, Agony",good,80,75,Brown,-,male,Black,5'9 // 175 cm,63,-,"Bedford-Stuyvesant, Brooklyn, New York City",100,Marvel Comics,Symbiote,Alien,,58,63,172 lb // 77 kg,1992
Namor,"Imperius Rex, Dr. G.W. Falton, Sub-Mariner, ""Subby"", Namor the First, Avenging Son, Old Man, Rex, Joe Pierre, Lord of the Seven Seas, the Scion of the Deep, Phoenix",good,85,70,Grey,Namor McKenzie,male,Black,6'2 // 188 cm,69,-,Atlantis,73,Marvel Comics,Atlantean,Alien,,58,95,278 lb // 125 kg,1939
Iron-Man,"Iron Knight, Hogan Potts, Spare Parts Man, Cobalt Man II, Crimson Dynamo, Ironman",good,64,85,Blue,Anthony Edward Stark,male,Black,6'6 // 198 cm,100,"Tony Stark, Shellhead, The Golden Avenger, Tetsujin, Tin Man","Long Island, New York",100,Marvel Comics,Human,Human,,58,85,425 lb // 191 kg,1963
Miss-Martian,"Megan Morse; M'Gann M'Orzz (alternate spelling); Martian Girlhunter; Martian Manhunter (Titans Tomorrow alias), Star-Spangled Kid",good,45,100,Red,M'gann M'orzz,female,Red,5'10 // 178 cm,63,-,Mars,100,DC Comics,-,Unknown,,58,85,135 lb // 61 kg,2003
Wasp,Pixie,good,42,52,Blue,Janet Van Dyne,female,Auburn,5'4 // 163 cm,63,-,"Cresskill, New Jersey",29,Marvel Comics,Human,Human,,58,17,110 lb // 50 kg,1963
Firestorm,"Ronnie, Roy, Ronald Rockwell, Flamehead",good,40,80,Blue,Ronald Raymond,male,Auburn,6'2 // 188 cm,38,-,-,100,DC Comics,Human,Human,,58,80,202 lb // 91 kg,1978
Blue-Beetle-III,Scooter,good,30,80,Brown,Jaime Reyes,male,Black,- // 0 cm,50,Posse; Teen Titans,Presumed to be El Paso,100,DC Comics,Human,Human,,58,34,- lb // 0 kg,2006
Firestorm,The Nuclear Man,good,42,56,Brown,Jason Rusch,male,Black,- // 0 cm,50,-,-,100,DC Comics,-,Unknown,,58,53,- lb // 0 kg,1964
Toad,The Terrible Toad-King,neutral,28,56,Black,Mortimer Toynbee,male,Brown,5'9 // 175 cm,50,-,"York, England",70,Marvel Comics,Mutant,Mutant,Green,58,34,169 lb // 76 kg,1964
Archangel,"War, Dark Angel, Death, Avenging Angel",good,42,64,Blue,Warren Kenneth Worthington III,male,Blond,6'0 // 183 cm,63,-,"Centerport, Long Island, New York",35,Marvel Comics,Mutant,Mutant,Blue,58,13,150 lb // 68 kg,1964
Firestar,"Angel, Anj, Lady Comet",good,32,55,Green,Angelica Jones,female,Red,5'8 // 173 cm,50,-,Place of birth unknown,71,Marvel Comics,Mutant,Mutant,,54,8,125 lb // 56 kg,1981
Vision,Victor Shade,good,70,95,Gold,Vision,male,No Hair,6'3 // 191 cm,100,-,-,94,Marvel Comics,Robot,Robot,Red,54,72,300 lb // 135 kg,1968
Black-Lightning,-,good,75,28,Brown,Jefferson Pierce,male,No Hair,6'1 // 185 cm,50,-,-,70,DC Comics,-,Unknown,,53,11,200 lb // 90 kg,1977
Century,-,good,100,64,White,-,male,White,6'7 // 201 cm,88,-,-,100,Marvel Comics,Alien,Alien,Grey,53,80,215 lb // 97 kg,1994
Abomination,"Agent R-7, Ravager of Worlds",bad,95,90,Green,Emil Blonsky,male,No Hair,6'8 // 203 cm,63,-,"Zagreb, Yugoslavia",62,Marvel Comics,Human / Radiation,Human,,53,80,980 lb // 441 kg,1967
Iceman,"Bobby Drake, Mister Friese, Drake Roberts, Rampage, Frozen One, Iceface",good,64,100,Brown,Robert Louis Drake,male,Brown,5'8 // 173 cm,63,Bobby,"Fort Washington, Long Island, New York",100,Marvel Comics,Mutant,Mutant,,53,32,145 lb // 65 kg,1963
Hawkgirl,"Chay-Ara; Sheila Carr; Lady Celia Penbrook, Kate Manser; Shiera Sanders",good,72,99,Green,Kendra Saunders,female,Red,5'9 // 175 cm,50,-,-,86,DC Comics,-,Unknown,,53,28,135 lb // 61 kg,1940
Sinestro,Green Lantern,bad,56,64,Black,Thaal Sinestro,male,Black,6'7 // 201 cm,75,-,"Korugar City, Korugar",100,DC Comics,-,Unknown,,53,80,205 lb // 92 kg,1961
Guy-Gardner,"Green Lantern, Red Lantern, Warrior",good,64,64,Blue,Guy Darrin Gardner,male,Red,6'2 // 188 cm,38,-,"Baltimore, Maryland",100,DC Comics,Human-Vuldarian,Human,,53,90,210 lb // 95 kg,1968
Vindicator,Guardian,good,70,64,Green,Heather McNeil Hudson,female,Red,5'5 // 165 cm,63,-,"Calgary, Alberta, Canada",56,Marvel Comics,Human,Human,,53,63,120 lb // 54 kg,1980
Kilowog,"Kilo Wog, Green Lantern 674.1, Dark Lantern, The Green Lantern drill sergeant, ""Poozer"", Lantern",good,80,42,Red,-,male,No Hair,7'8 // 234 cm,81,-,Bolovax Vik,100,DC Comics,Bolovaxian,Robot,Pink,53,90,720 lb // 324 kg,1986
Abin-Sur,Lagzia,good,65,64,Blue,-,male,No Hair,6'1 // 185 cm,50,-,Ungara,84,DC Comics,Ungaran,Robot,Red,53,90,200 lb // 90 kg,1959
Steel,"Man of Steel, Henry Johnson",good,64,90,Brown,John Henry Irons,male,No Hair,6'7 // 201 cm,81,-,"Washington, D.C.",64,DC Comics,-,Unknown,,53,82,290 lb // 131 kg,1993
X-Man,Nate the Great,good,84,95,Blue,Nate Grey,male,Brown,5'9 // 175 cm,88,-,American Northeast of Earth-295,100,Marvel Comics,-,Unknown,,53,53,135 lb // 61 kg,1995
Hal-Jordan,"Parallax, Spectre, Green Lantern",good,60,64,Brown,Harold Jordan,male,Brown,6'2 // 188 cm,63,-,"Coast City, California",100,DC Comics,Human,Human,,53,90,200 lb // 90 kg,1959
Booster-Gold,"Supernova, Bharjiwarj",good,40,50,Blue,Michael Jon Carter,male,Blond,6'2 // 188 cm,56,-,"Gotham City, 25th Century",100,DC Comics,Human,Human,,53,85,215 lb // 97 kg,1986
Tigra,"The Cat, Greer Sorenson",good,90,38,Green,Greer Grant Nelson,female,Auburn,5'10 // 178 cm,63,"Werecat, Grimalkin",Presumably Chicago Illinois USA,33,Marvel Comics,-,Unknown,,53,32,180 lb // 81 kg,1972
Wonder-Man,"Wondie, JQ-272712-K",good,64,90,Red,Simon Williams,male,Black,6'2 // 188 cm,75,-,"Paterson, New Jersey",64,Marvel Comics,-,Unknown,,53,100,380 lb // 171 kg,1964
Vixen,-,good,25,50,Amber,Mari Jiwe McCabe,female,Black,5'9 // 175 cm,50,-,Zambesi,62,DC Comics,Human,Human,,50,38,140 lb // 63 kg,1981
King-Shark,-,bad,40,90,Black,-,male,No Hair,- // 0 cm,50,-,-,86,DC Comics,Animal,Alien,,50,88,- lb // 0 kg,1994
Swarm,-,bad,35,90,Yellow,Fritz von Meyer,male,No Hair,6'5 // 196 cm,75,-,-,38,Marvel Comics,Mutant,Mutant,Yellow,50,18,104 lb // 47 kg,1977
Triton,-,good,55,65,Green,-,male,No Hair,6'2 // 188 cm,56,-,"Island of Attilan, Atlantic Ocean",35,Marvel Comics,Inhuman,Inhuman,Green,50,63,190 lb // 86 kg,1965
Electro,-,bad,64,56,Blue,Maxwell Dillon,male,Auburn,5'11 // 180 cm,69,Max,-,67,Marvel Comics,Human,Human,,50,10,165 lb // 74 kg,1964
Captain-Britain,"Britannic, Black Bishop, Jungle Man, King of Otherworld, Merlinson",good,80,60,Blue,Brian Braddock,male,Blond,6'6 // 198 cm,75,-,"Braddock Manor, England",31,Marvel Comics,Human,Human,,50,77,257 lb // 116 kg,1976
Beast-Boy,"Changeling, Beast-Brat, Green Jeans, Salad-head, Sprout, Tork, Craig Logan",good,40,70,Green,Garfield Mark Logan,male,Green,5'8 // 173 cm,50,-,-,79,DC Comics,Human,Human,Green,50,28,150 lb // 68 kg,1965
Black-Manta,"Devil Ray, Scourge of the Seven Seas, Yellow Lantern",bad,85,60,Black,-,male,No Hair,6'2 // 188 cm,75,-,-,76,DC Comics,Human,Human,,50,28,205 lb // 92 kg,1967
Evil-Deadpool,Dreadpool,bad,100,100,White,-,male,Red,6'2 // 188 cm,69,-,-,100,Marvel Comics,Mutant,Mutant,,50,32,210 lb // 95 kg,2011
Indigo,Indigo-1,neutral,50,50,-,-,female,Purple,- // 0 cm,75,-,-,100,DC Comics,Alien,Alien,,50,63,- lb // 0 kg,2003
Man-Bat,Kirk Langstrom,neutral,30,70,Brown,Robert Kirkland Langstrom,male,Brown,- // 0 cm,38,-,"Chicago, Illinois",33,DC Comics,Human,Human,,50,18,- lb // 0 kg,1970
Jessica-Jones,"Knightress, Madeline, Jewel, Power Woman",good,55,70,Brown,Jessica Campbell Jones Cage,female,Brown,5'7 // 170 cm,56,-,"Forrest Hills, New York City",18,Marvel Comics,Human,Human,,50,44,124 lb // 56 kg,2001
Bloodhawk,Lemuel Halcon,good,64,80,Black,Lemuel Krug,male,No Hair,- // 0 cm,50,-,-,80,Marvel Comics,Mutant,Mutant,,50,10,- lb // 0 kg,1993
Anti-Monitor,"Monitor, Mobius",bad,90,100,Yellow,-,male,No Hair,200 // 61.0 meters,88,-,Moon of Qward,100,DC Comics,God / Eternal,God,,50,100,- lb // 0 kg,1985
Falcon,"Sam Wilson, (formerly) Captain America, Blackbird, Blackwing, Brother Superhero",good,64,28,Brown,Samuel Thomas Wilson,male,Black,6'2 // 188 cm,38,Snap,"New York, New York",22,Marvel Comics,Human,Human,,50,13,240 lb // 108 kg,1969
Arachne,"Spider-Woman, Madame Web",good,70,70,Blue,Julia Carpenter,female,Blond,5'9 // 175 cm,50,-,"Los Angeles, California",71,Marvel Comics,Human,Human,,50,48,140 lb // 63 kg,1984
Deadpool,"Wade Wilson, Jack, Chiyonosake (""the Wolf of the Rice Wine""), Rhodes, Corpus, Lopez, Hobgoblin, Thom Cruz, Peter Parker",neutral,100,100,Brown,Wade Winston Wilson,male,No Hair,6'2 // 188 cm,69,-,Canada,100,Marvel Comics,Mutant,Mutant,,50,32,210 lb // 95 kg,1991
Metron,-,good,28,56,Blue,Metron,male,Black,6'1 // 185 cm,88,-,-,100,DC Comics,-,Unknown,,47,10,190 lb // 86 kg,1971
Venom-II,-,bad,56,70,Brown,Angelo Fortunato,male,Black,5'9 // 175 cm,50,-,-,54,Marvel Comics,-,Unknown,,47,57,110 lb // 50 kg,2005
Cloak,-,good,56,64,brown,Tyrone Johnson,male,black,7'5 // 226 cm,63,-,"South Boston, Massachusetts",96,Marvel Comics,-,Unknown,,47,10,155 lb // 70 kg,1982
Vulture,-,bad,56,56,Brown,Adrian Toomes,male,No Hair,5'11 // 180 cm,63,-,"Staten Island, New York City",40,Marvel Comics,-,Unknown,,47,22,175 lb // 79 kg,1963
Nightcrawler,-,good,80,14,Yellow,Kurt Wagner,male,Indigo,5'9' // 175 cm,50,Fuzzy Elf,Somewhere in the Bavarian Alps,76,Marvel Comics,-,Unknown,,47,10,195 lb // 88 kg,1975
Mimic,"Cal, Wolverine, Calvin Rankin",good,42,56,Brown,Calvin Montgomery Rankin,male,Brown,6'2 // 188 cm,63,-,"Passiac, New Jersey",79,Marvel Comics,-,Unknown,,47,67,225 lb // 101 kg,1966
Loki,"God of Mischief, Gem-Keeper, Walter Lawson, Lester, Loren Olsen, Tyfon, Father Williams, Willie, Tso Zhung; has also impersonated hundreds of others.",bad,56,85,Green,Loki Laufeyson,male,Black,6'4 // 193 cm,88,-,"Jotunheim, Asgard",97,Marvel Comics,-,Unknown,,47,57,525 lb // 236 kg,1962
Namorita,"Kymaera, Hard",good,70,70,Blue,Namorita Prentiss,female,Blond,5'6 // 168 cm,50,Nita,Atlantis Outskirts,37,Marvel Comics,-,Unknown,,47,72,225 lb // 101 kg,1972
Moonstone,"Meteorite,  Kate Sorenson",bad,80,52,Blue,Dr. Karla Sofen,female,Blond,5'11 // 180 cm,56,-,"Van Nuys, California",74,Marvel Comics,-,Unknown,,47,67,130 lb // 59 kg,1978
Gog,"Nephut-Sha, Hassan Kareem",bad,56,72,-,-,male,-,- // 0 cm,50,-,-,39,DC Comics,-,Unknown,,47,34,- lb // 0 kg,1971
Storm,"Ororo Iqadi T'Challa, Queen Ororo, Ororo Komo Wakandas,White Queen, Weather Witch, Windrider, Goddess, Mistress of the Elements, Princess of N'Dare, High Priestess Windrider, Goddess, Mistress of the Elements, Princess of N'Dare, High Priestess",good,75,30,Blue,Ororo Munroe,female,White,5'11 // 180 cm,75,-,"New York, New York",88,Marvel Comics,Mutant,Mutant,,47,10,127 lb // 57 kg,1975
Marvel-Girl,"Rachel Grey, formerly Phoenix, Mother Askani, Bright Lady, Aly'zrn Summerset",good,80,42,Green,Rachel Anne Summers,female,Red,5'7' // 170 cm,63,Ray,-,100,Marvel Comics,-,Unknown,,47,85,125 lb // 56 kg,1969
Red-Hulk,"Rulk, Hulk, Thunderbolt, General Ross",neutral,75,85,Yellow,Thaddeus E. Ross,male,Black,7'0 // 213 cm,50,-,-,82,Marvel Comics,Human / Radiation,Human,Red,47,100,1400 lb // 630 kg,2008
Azazel,"Semihazah, Duma, Keriel, Mastema, Beliar, Gadreel, Beelzebub, Satan",bad,80,95,Yellow,-,male,Black,6'0 // 183 cm,50,-,"Isla des Demonas, Caribbean Sea",100,Marvel Comics,Neyaphem,Inhuman,Red,47,11,149 lb // 67 kg,2004
Animal-Man,The Human Zoo; A-Man; The Man with Animal Powers,good,80,85,Blue,Bernhard Baker,male,Blond,6'0 // 183 cm,56,Buddy,-,73,DC Comics,Human,Human,,47,48,185 lb // 83 kg,1965
Annihilus,"The Living Death That Walks, Lord of the Negative Zone",bad,64,56,Green,Annihilus,male,No Hair,5'11 // 180 cm,75,-,"Planet of Arthros, Sector 17A, Negative Zone",59,Marvel Comics,-,Unknown,,47,80,200 lb // 90 kg,1968
Siryn,Theresa Rourke,bad,42,28,Blue,Theresa Rourke Cassidy,female,Strawberry Blond,5'6 // 168 cm,38,-,"Cassidy Keep, County Mayo, Ireland",50,Marvel Comics,-,Unknown,,47,8,115 lb // 52 kg,1981
Warpath,Thunderbird,good,84,70,Brown,James Proudstar,male,Black,7'2 // 218 cm,38,Jimmy,"Camp Verde, Arizona",26,Marvel Comics,Mutant,Mutant,,47,72,350 lb // 158 kg,1984
Tiger-Shark,Arlys Tigershark,bad,28,70,Grey,Todd Arliss,male,No Hair,6'1 // 185 cm,38,-,"Pasadena, California",51,Marvel Comics,Human,Human,Grey,46,72,450 lb // 203 kg,1968
Sandman,"Flint Marko, Sylvester Mann, Quarryman",neutral,60,90,Brown,-,male,Brown,6'1 // 185 cm,44,-,"Queens, New York",100,Marvel Comics,Human,Human,,46,75,450 lb // 203 kg,1963
Angel,"Formerly Death, Dark Angel, Angel, Avenging Angel, Archangel",good,42,64,Blue,Warren Kenneth Worthington III,male,Blond,6'0 // 183 cm,63,-,"Centerport, Long Island, New York",28,Marvel Comics,-,Unknown,,46,13,150 lb // 68 kg,1963
Jessica-Cruz,"Green Lantern, Power Ring",good,55,50,Green,Jessica Viviana Cruz,female,Brown,- // 0 cm,56,-,-,92,DC Comics,Human,Human,,46,90,- lb // 0 kg,2014
Mister-Sinister,"Sinister, Robert Windsor, Arnold Bocklin, Mike Milbury, Apocalypse, Steven Shaffran, Edmond Atkinson, Nate, Administrator Pearson, Nosferatu, Nathan Milbury, Pale Man",bad,50,90,Red,Dr. Nathaniel Essex,male,Black,6'5 // 196 cm,100,-,"London, England",100,Marvel Comics,Human / Altered,Human,,46,48,285 lb // 128 kg,1986
Hercules,"Spider-Herc, The Lion of Olympus, The Defender of Olympus, The Scion of Olympus, Prince of Power, Alcaeus, Herakles, Herc, Harry Cleese, Victor Tegler, Agent 74",good,100,85,Blue,Heracles,male,Brown,6'5 // 196 cm,63,-,"Thebes, Greece",79,Marvel Comics,Demi-God,God,,46,100,325 lb // 146 kg,1965
Feral,-,good,70,28,Yellow (without irises),Maria Callasantos,unidentified,Orange / White,5'9 // 175 cm,38,-,Place of birth unknown,27,Marvel Comics,-,Unknown,,45,28,110 lb // 50 kg,1991
Tempest,-,good,60,28,Brown,Angel Salvadore Bohusk,female,Black,5'4 // 163 cm,38,-,-,62,Marvel Comics,-,Unknown,,45,10,121 lb // 54 kg,2001
Blackout,-,bad,65,80,Red,-,male,White,6'3 // 191 cm,63,-,-,45,Marvel Comics,Demon,God,White,45,32,230 lb // 104 kg,1990
Shatterstar,Benjamin Russell,good,84,64,Brown,Gaveedra Seven,male,Red,6'3 // 191 cm,63,-,Mojoworld,49,Marvel Comics,-,Unknown,,45,48,195 lb // 88 kg,1991
3-D-Man,-,good,52,32,Brown,Charles Chandler,male,Grey,6'2 // 188 cm,50,Chuck,-,25,Marvel Comics,-,Unknown,,43,31,200 lb // 90 kg,1977
Rhino,"Alex O'Hirn, Mecha-Rhino",bad,85,90,Brown,Aleksei Mikhailovich Sytsevich,male,Brown,6'5 // 196 cm,25,-,-,36,Marvel Comics,Human / Radiation,Human,,43,80,710 lb // 320 kg,1966
Scorpia,-,bad,28,28,Green,Elaine Coll,female,Red,- // 0 cm,38,-,-,34,Marvel Comics,-,Unknown,,42,28,- lb // 0 kg,1995
Aqualad,-,good,60,75,Blue,Garth,male,Black,5'10 // 178 cm,63,-,"Poseidonis, Atlantis",84,DC Comics,Atlantean,Alien,,42,44,235 lb // 106 kg,2010
Spider-Woman,"Arachne, Ariadne Hyde, Dark Angel, Dark Angel of San Francisco",good,70,60,Green,Jessica Drew,female,Black,5'10 // 178 cm,56,-,"London, England",68,Marvel Comics,Human,Human,,42,42,130 lb // 59 kg,1977
Ultron,"Crimson Cowl, Great Devil, Great Ultron, Iron Man, Mark, Omega, Ultimate Ultron, Ultron-5 (and hundreds of other sequential numerical designations), Ultron Mark Twelve, Ho Yinsen",bad,64,100,Red,Ultron,male,-,6'9 // 206 cm,88,-,"Created in Cresskill, New Jersey",100,Marvel Comics,Robot,Robot,Silver,42,83,735 lb // 331 kg,1968
Cyborg,"Cyberion Technis, Omegadrome, Planet Cyberion",good,64,85,Brown,Victor Stone,male,Black,6'6 // 198 cm,75,Corky,"New York City, New York",71,DC Comics,Cyborg,Robot,,42,53,385 lb // 173 kg,1980
Toxin,"Eddie, Sister Edwina, ""Ed"", Edwin Brock, Venom, Lethal Protector, 998th, Anti-Venom, White Venom",good,70,85,Black,Edward Charles Allan Brock,male,Blond,6'3 // 191 cm,75,-,"San Francisco, California",97,Marvel Comics,Symbiote,Alien,,42,80,260 lb // 117 kg,2012
Simon-Baz,"Green Lantern, White Lantern",good,60,55,Bown,-,male,Black,- // 0 cm,56,-,"Dearborn, Michigan",100,DC Comics,Human,Human,,42,90,- lb // 0 kg,2012
Legion,"Jack Wayne, Cyndi, Jemail Karami, Daniel Lucas Haller, Daniel Haller, Rodney, Ian, Lucas, Fanya, Boris, Zachary, Sylvester, God-Mutant",good,75,30,Green / Blue,David Charles Haller,male,Black,5'9 // 175 cm,50,-,Israel,100,Marvel Comics,Mutant,Mutant,,42,100,130 lb // 59 kg,1985
She-Hulk,Jade Giantess,good,70,100,Green,Jennifer Walters,female,Green,6'7 // 201 cm,69,Shulkie,"Los Angeles, California",40,Marvel Comics,Human,Human,,42,100,700 lb // 315 kg,1980
Demogoblin,Jason Macendale Jr,bad,60,35,Red,-,male,No Hair,6'1 // 185 cm,50,-,-,62,Marvel Comics,Demon,God,,42,48,210 lb // 95 kg,1992
Dr-Manhattan,"Jon Osterman, Doctor Manhattan",good,42,100,White,Jonathan Osterman,male,No Hair,- // 0 cm,88,-,-,100,DC Comics,Human / Cosmic,Human,Blue,42,100,- lb // 0 kg,1986
Juggernaut,"Kuurth, Captain Universe",neutral,70,100,Blue,Cain Marko,male,Red,9'5 // 287 cm,44,-,"Berkeley, California",85,Marvel Comics,Human,Human,,42,100,1900 lb // 855 kg,1965
Polaris,"Pestilence, formerly Malice, Polarity, Magnetrix, M-2, Magneto the Second",good,45,50,Green,Lorna Sally Dane,female,Green,5'7 // 170 cm,63,-,Northern California,100,Marvel Comics,Mutant,Mutant,,42,73,115 lb // 52 kg,1968
Static,"Sparky, Virg, V, V-Man",good,40,50,Brown,Virgil Ovid Hawkins,male,Black,5'7 // 170 cm,69,-,"Paris Island, Dakota City",90,DC Comics,Mutant,Mutant,,42,8,140 lb // 63 kg,1993
Namora,"Sub-Mariner, Avenging Daughter, the Sea Beauty",good,64,42,Blue,Aquaria Nautica Neptunia,female,Blond,5'11 // 180 cm,50,-,Unnamed Atlantean outpost,48,Marvel Comics,-,Unknown,,42,85,189 lb // 85 kg,1947
Gamora,"The Deadliest Woman In The Universe, The Most Dangerous Woman in the Galaxy",good,100,85,Yellow,Gamora Zen Whoberi Ben Titan,female,Black,6'0 // 183 cm,75,-,"Planet Zen Whoberi, Silican System, Milky Way",53,Marvel Comics,Zen-Whoberian,Alien,Green,42,85,170 lb // 77 kg,1975
Wolverine,"Weapon X, Weapon Ten, Death, Mutate 9601, Jim Logan, Emilio Garra, Weapon Chi, Experiment X, Agent Ten, Peter Richards, Mai kethLogan, Mr. Patch",good,100,100,Blue,James Howlett,male,Black,5'3 // 160 cm,63,"The Ol Canucklehead, Canada, Wildboy","Alberta, Canada",85,Marvel Comics,Mutant,Mutant,,42,32,300 lb // 135 kg,1974
Firebird,"Pajaro Del Fuego, La Espirita, Firemaiden",good,42,14,Brown,Bonita Juarez,female,Black,5'5' // 165 cm,38,-,"Buena Vista, New Mexico",95,Marvel Comics,-,Unknown,,40,8,125 lb // 56 kg,1981
Mockingbird,"Barbara Morse-Barton, Roberta Morse, Agent 19, Huntress, Bobbi Van Dyne; once posed as Shooting Star",good,95,20,Blue,Barbara Morse,female,Blond,5'9 // 175 cm,75,-,"San Diego, California",48,Marvel Comics,Human,Human,,38,31,135 lb // 61 kg,1980
Beast,"Dr. McCoy, Hanko, Kreature, Mutate #666, Magilla Gorilla, Golden Armed Boy",good,85,60,Blue,Henry Philip McCoy,male,Blue,5'11 // 180 cm,94,Hank,"Dunfee, Illinois",43,Marvel Comics,Mutant,Mutant,Blue,38,48,402 lb // 181 kg,1963
Agent-Zero,Maverick,good,95,80,-,Christoph Nord,male,-,6'3 // 191 cm,75,-,Unrevealed location in former East Germany,72,Marvel Comics,-,Unknown,,38,28,230 lb // 104 kg,1992
Captain-America,"Nomad, The Captain",good,100,55,blue,Steven Grant Rogers,male,blond,6'2 // 188 cm,69,-,"Manhattan, New York City, New York",60,Marvel Comics,Human,Human,,38,19,240 lb // 108 kg,1941
Green-Goblin,"Normie, Green Goblin, Goblin Lord, Overlord, the Goblin, ""Gobby"", Scrier, Commander Osborn, Director Osborn, Iron Patriot",bad,50,60,Blue,Norman Virgil Osborn,male,Auburn,5'11 // 180 cm,100,-,"Hartford, Connecticut",48,Marvel Comics,Human,Human,,38,48,185 lb // 83 kg,1964
Sabretooth,"Slasher, El Tigre",bad,100,90,Amber,Victor Creed,male,Blond,6'6 // 198 cm,56,-,-,50,Marvel Comics,Mutant,Mutant,,38,48,380 lb // 171 kg,1977
Blade,"Switchblade, Frank Blade, Daywalker",good,90,50,Brown,Eric Brooks,male,Black,6'2 // 188 cm,63,-,"Soho, London,England",40,Marvel Comics,Vampire,Inhuman,,38,28,215 lb // 97 kg,1973
Green-Goblin-II,-,bad,26,50,Blue,Harold Osborn,male,Auburn,5'10 // 178 cm,75,Harry,New York City,44,Marvel Comics,-,Unknown,,37,55,170 lb // 77 kg,1973
Living-Brain,-,bad,28,56,Yellow,-,unidentified,-,6'6 // 198 cm,75,-,-,31,Marvel Comics,-,Unknown,,35,53,800 lb // 360 kg,1964
Light-Lass,-,good,42,28,Blue,Ayla Ranzz,female,Red,5'5 // 165 cm,38,-,-,65,DC Comics,-,Unknown,,35,10,120 lb // 54 kg,1963
Yellowjacket-II,-,good,28,28,Blue,Rita DeMara,female,Strawberry Blond,5'5 // 165 cm,50,-,-,31,Marvel Comics,Human,Human,,35,10,115 lb // 52 kg,1968
Frenzy,-,bad,52,100,Brown,Joanna Cargill,female,Black,6'11 // 211 cm,63,-,-,38,Marvel Comics,-,Unknown,,35,53,230 lb // 104 kg,1986
Killer-Croc,-,bad,60,90,Red,Waylon Jones,male,No Hair,8'0 // 244 cm,19,-,-,53,DC Comics,Metahuman,Inhuman,Green,35,53,790 lb // 356 kg,1983
Morlun,-,bad,56,42,White / Red,Morlun,male,Black,6'2 // 188 cm,63,-,-,64,Marvel Comics,-,Unknown,,35,60,175 lb // 79 kg,2001
Ajax,"""Frankie"", the A-Man, the Attending",bad,55,80,Brown,Francis,male,Black,6'4 // 193 cm,56,-,-,34,Marvel Comics,Cyborg,Robot,,35,48,200 lb // 90 kg,1998
Beta-Ray-Bill,"Beta Ray Thor, Simon Walters",good,84,95,-,Beta Ray Bill (translation of his Korbinite name),male,No Hair,6'7 // 201 cm,63,-,Burning Galaxy,100,Marvel Comics,-,Unknown,,35,80,480 lb // 216 kg,1983
Bird-Brain,Bird-Boy,good,42,28,-,-,unidentified,-,- // 0 cm,25,-,-,21,Marvel Comics,-,Unknown,,35,10,- lb // 0 kg,1987
Blackwing,"Blackwing, Joe Manfredi, Joe Silvermane, Guiseppi Manfredi",bad,56,32,Blue,Joseph Manfredi,male,Black,6'1 // 185 cm,38,-,Professional Criminal,20,Marvel Comics,-,Unknown,,35,10,190 lb // 86 kg,1975
Battlestar,Bucky,good,74,74,Brown,Lemar Hoskins,male,Black,6'6 // 198 cm,50,-,"Chicago, Illinois",48,Marvel Comics,-,Unknown,,35,53,295 lb // 133 kg,1986
Winter-Soldier,"Bucky, Captain America",good,84,65,Brown,James Buchanan Barnes,male,Brown,5'9 // 175 cm,56,-,-,60,Marvel Comics,Human,Human,,35,32,260 lb // 117 kg,2005
Offspring,"Ernie McDunnagh, Plastic Lad",good,56,99,-,Luke O'Brian,male,-,- // 0 cm,50,Loogie,-,100,DC Comics,-,Unknown,,35,10,- lb // 0 kg,1999
Ares,"God of War, Mister Talon, Mars, Warhawk",good,101,80,Brown,-,male,Brown,6'1 // 185 cm,75,-,-,74,Marvel Comics,-,Unknown,,35,82,600 lb // 270 kg,1966
Wolfsbane,"Grimfang, Mutate #490",good,42,42,Green,Rahne Sinclair,female,Auburn,12' // 366 cm,38,-,"Somewhere in Ross and Cromarty, Scotland",26,Marvel Comics,-,Unknown,,35,16,1050 lb // 473 kg,1982
Husk,Hayseed,good,64,78,Blue,Paige Elisabeth Guthrie,female,Blond,5'7 // 170 cm,63,-,"Cumberland, Kentucky",48,Marvel Comics,Mutant,Mutant,,35,63,128 lb // 58 kg,1984
Kraven-the-Huntera,"Kraven the Hunter, World's Greatest Hunter, the Grim Hunter",bad,85,42,Brown,Sergei Kravinoff,male,Black,6'0 // 183 cm,63,-,"Volgograd (formerly Stalingrad), Russia",25,Marvel Comics,Human,Human,,35,32,235 lb // 106 kg,1964
Silverclaw,"La Garra Argentado, Daughter of the Volcano God,",good,42,42,Brown,Maria de Guadalupe Santiago,female,Black,5'2 // 157 cm,50,-,"The village of Kamekeri, Costa Verde",34,Marvel Comics,-,Unknown,,35,28,110 lb // 50 kg,1998
Dagger,Lady Light,good,70,42,Blue,Tandy Bowen,female,Blond,5'5 // 165 cm,63,-,"Shaker Heights, Ohio",52,Marvel Comics,-,Unknown,,35,10,116 lb // 52 kg,1982
Medusa,"Madam Medusa, Queen Medusa",good,56,70,Green,Medusalith Amaquelin Boltagon,female,Red,5'11 // 180 cm,75,-,"Island of Attilan, Atlantic Ocean",37,Marvel Comics,Inhuman,Inhuman,,35,34,130 lb // 59 kg,1965
Hawk,"Monarch, Extant",good,42,95,Red,Henry Hall,male,Brown,6'1 // 185 cm,38,-,-,43,DC Comics,-,Unknown,,35,38,197 lb // 89 kg,1967
Maxima,"Queen Maxima, Empress of the Almeracian Empire",bad,75,56,Brown,-,female,Red,5'11 // 180 cm,75,-,Almerac,81,DC Comics,-,Unknown,,35,90,160 lb // 72 kg,1986
Sunspot,"Robert DaCosta, Bobby; Black Rook, Black King, Reignfire",good,70,25,brown,Roberto DaCosta,male,black,5'8 // 173 cm,63,-,"Rio de Janeiro, Brazil",86,Marvel Comics,Mutant,Mutant,,35,63,170 lb // 77 kg,1982
Mephisto,"Satan; Mephistopheles, Lord of Evil, Prince of Devils, Prince of Lies, Lord of the Lower Depths, Satan, Beelzebub, the Devil, Maya, Lucifer, Nick Scratch, the Friend, Legion, numerous others; impersonated Don Blake, many others",bad,42,95,White,-,male,Black,6'6 // 198 cm,88,-,Hell,100,Marvel Comics,-,Unknown,,35,85,310 lb // 140 kg,1968
Venom-III,Scorpion,bad,56,90,Brown,MacDonald Gargan,male,Brown,7'6 // 229 cm,63,-,-,73,Marvel Comics,Symbiote,Alien,,35,73,742 lb // 334 kg,2000
Machine-Man,"Sir McHinery, Mister Machine.Machine Man",good,64,84,Red,"X-51, Aaron Stack",unidentified,Black,6' // 183 cm,63,-,"Central City, California",51,Marvel Comics,-,Unknown,,35,32,850 lb // 383 kg,1977
Deathstroke,"Slade Wilson, Deathstroke the Terminator, Batman",neutral,90,100,Blue,Slade Joseph Wilson,male,White,6'4 // 193 cm,75,-,-,47,DC Comics,Human,Human,,35,30,225 lb // 101 kg,1980
Man-Wolf,"Stargod, Vanwolf, Skywolf",good,70,42,Brown,John Jameson,male,Auburn,6'2' // 188 cm,63,-,"New York, New York",45,Marvel Comics,-,Unknown,,35,44,200 lb // 90 kg,1963
Emma-Frost,"Storm, White Queen",good,42,90,Blue,Emma Frost,female,Blond,5'10' // 178 cm,75,-,"Boston, Massachusetts",100,Marvel Comics,-,Unknown,,35,63,144 lb // 65 kg,1980
Ultragirl,"Suzy Sherman, Ultra-Girl",good,80,70,Blue,Tsu-Zana,female,Blond,5'6 // 168 cm,50,-,-,35,Marvel Comics,-,Unknown,,35,80,233 lb // 105 kg,1996
X-23,"Talon, Laura X, Laura Howlett, Captain Universe",good,85,90,Green,Laura Kinney,female,Black,5'6 // 168 cm,75,-,"The Facility, location unrevealed",38,Marvel Comics,-,Unknown,,35,24,147 lb // 66 kg,2004
Black-Mamba,Tanya Sweet,bad,65,42,Green,Tanya Sealy,female,Black,5'7 // 170 cm,75,-,"Chicago, Illinois",78,Marvel Comics,-,Unknown,,35,10,115 lb // 52 kg,1980
Green-Arrow,"The Emerald Archer, Battling Bowman",good,90,28,Green,Oliver Jonas Queen,male,Blond,6'2 // 188 cm,81,"Ollie, Oliver Queen",-,39,DC Comics,Human,Human,,35,12,195 lb // 88 kg,1941
Lobo,"The Main Man, The 'Bo, Master Frag, Mister Machete, Popebo; He-Who-Devours-Your-Entrails-And-Thoroughly-Enjoys-It",bad,85,100,Red,Lobo,male,Black,7'6 // 229 cm,88,-,-,100,DC Comics,-,Unknown,,35,83,640 lb // 288 kg,1983
Darkstar,Tyomni Zvesda,good,64,42,Brown,Laynia Petrovna,female,Blond,5'6 // 168 cm,38,-,"Minks, USSR",79,Marvel Comics,Mutant,Mutant,,35,8,125 lb // 56 kg,1976
Jennifer-Kale,Wendy the Good Little Witch,good,72,42,Blue,Jennifer Kale,female,Blond,5'6 // 168 cm,75,-,"Citrusville, Florida",69,Marvel Comics,-,Unknown,,35,10,122 lb // 55 kg,1972
John-Wraith,"Wraith-Man, Kestrel, Expediter, Guardian, Vindicator",good,80,28,Brown,John Wraith,male,Black,6'0 // 183 cm,75,-,-,87,Marvel Comics,-,Unknown,,35,12,195 lb // 88 kg,1992
Black-Canary,-,good,80,15,Blue,Dinah Drake Lance,female,Blond,5'5 // 165 cm,63,-,-,45,DC Comics,Human,Human,,33,8,128 lb // 58 kg,1947
Bloodaxe,-,bad,84,80,Blue,Jackie Lukus,female,Brown,7'2 // 218 cm,63,-,-,100,Marvel Comics,Human,Human,,33,80,1100 lb // 495 kg,1988
Deadman,-,good,42,100,Blue,Boston Brand,male,Black,6'0 // 183 cm,50,-,-,100,DC Comics,Human,Human,,33,10,201 lb // 90 kg,1967
Doc-Samson,-,good,70,80,Blue,Leonard Samson,male,Green,6'6 // 198 cm,75,-,"Tulsa, Oklahoma",36,Marvel Comics,Human / Radiation,Human,,33,80,380 lb // 171 kg,1971
Evilhawk,-,bad,64,70,Red,Dargin Bokk,male,Black,6'3 // 191 cm,50,-,-,85,Marvel Comics,Alien,Alien,Green,33,32,235 lb // 106 kg,1991
Klaw,-,bad,60,100,Red,Ulysses Klaw,male,No Hair,6'2 // 188 cm,63,-,"Vlaardingen, Netherlands",62,Marvel Comics,Human,Human,Red,33,38,216 lb // 97 kg,1966
Dazzler,"Ali, The Disco Dazzler, Songbird, Dazz, Kimberly Schau, Ally",good,55,60,Blue,Alison Blaire,female,Blond,5'8 // 173 cm,63,-,"Gardendale, Long Island, New York",100,Marvel Comics,Mutant,Mutant,,33,10,115 lb // 52 kg,1980
Robin-V,"Batman, Damian al Ghul, Ibn al Xu'ffasch, Redbird",good,65,16,Blue,Damian Wayne,male,Black,4'6 // 137 cm,69,-,-,29,DC Comics,Human,Human,,33,8,84 lb // 38 kg,2006
Darkhawk,"Bucket-Head, Edge-Man, Powell",good,64,70,Brown,Christopher Powell,male,Brown,6'1 // 185 cm,50,-,"Queens, New York",74,Marvel Comics,Human,Human,,33,32,180 lb // 81 kg,1991
Citizen-Steel,"Buckeye, Uncle Nate, Uncle Nathan",good,60,100,Green,Nathaniel Heywood,male,Red,6'0 // 183 cm,50,-,-,23,DC Comics,Human,Human,,33,95,378 lb // 170 kg,1978
Onslaught,"Charlie Silus, Sir David The Great, Charles Xavier, Magneto, That Which Shall Survive, the Entity, Dark Xavier",bad,55,100,Red,Onslaught,male,No Hair,10'0 // 305 cm,88,-,-,100,Marvel Comics,Mutant,Mutant,,33,100,900 lb // 405 kg,1996
Iron-Fist,"Daredevil, Daniel Thomas Rand, the Living Weapon, Young Dragon, Danny Rand",good,100,50,Blue,Daniel Thomas Rand-K'ai,male,Blond,5'11 // 180 cm,75,Danny,-,94,Marvel Comics,Human,Human,,33,55,175 lb // 79 kg,1974
Batman-II,Dick Grayson,good,100,28,Blue,Richard John Grayson,male,Black,5'10 // 178 cm,88,Dick,-,36,DC Comics,Human,Human,,33,11,175 lb // 79 kg,2009
Black-Canary,Dinah Laurel Lance Queen; Dinah Laurel Lance-Windrow,good,80,20,Blue,Dinah Laurel Lance,female,Blond,5'7 // 170 cm,63,Pretty Bird,-,52,DC Comics,Metahuman,Inhuman,,33,8,130 lb // 59 kg,1947
Doctor-Octopus,"Doctor Octopus, Doc Ock, The Master Planner, The Master Programmer, Peter Benjamin Parker, Superior Spider-Man, Venom, Superior Venom",bad,65,30,Brown,Otto Octavius,male,Brown,5'9 // 175 cm,88,Doc Ock,"Schenectady, New York",22,Marvel Comics,Human,Human,,33,48,245 lb // 110 kg,1963
Black-Cat,Felicity Harmon,good,70,10,Green,Felicia Hardy,female,Blond,5'10 // 178 cm,75,-,"Queens, New York",23,Marvel Comics,Human,Human,,33,16,120 lb // 54 kg,1979
Nightwing,"Freddie Dinardo, Freddy Loyd, The Target, Renegade, The Worlds Greatest Acrobat, The Aerial Avenger, Pixie Boots, The Boy / Teen Wonder, The Worlds Greatest Detective, The Caped Crusader",good,100,28,Blue,Richard John Grayson,male,Black,5'10 // 178 cm,88,Dick,Gotham City,36,DC Comics,Human,Human,,33,11,175 lb // 79 kg,2001
Harley-Quinn,"Harleen Quinzel, Harl, Cupid of Crime, Jane Wisakedjak, Elise Archer, Pumpkin Pooh",bad,80,65,Blue,Harleen Francis Quinzel,female,Blond,5'7 // 170 cm,88,-,-,55,DC Comics,Human,Human,,33,12,140 lb // 63 kg,1993
Justice,"Marvel Boy, Manglin' John Mahoney, Astounding Astrovik, Superhuman Penitentiary Prisoner 344678, ""Super Tights""",good,30,70,Hazel,Vance Astrovik,male,Brown,5'10 // 178 cm,50,-,-,55,Marvel Comics,Human,Human,,33,10,180 lb // 81 kg,1950
Mister-Zsasz,Mr Zsasz,bad,85,28,Blue,Victor Zsasz,male,Blond,- // 0 cm,88,-,-,18,DC Comics,Human,Human,,33,22,- lb // 0 kg,1992
Batgirl,"Oracle, Bluebelle",good,90,40,Green,Barbara Gordon,female,Red,5'7 // 170 cm,88,-,-,34,DC Comics,Human,Human,,33,11,126 lb // 57 kg,1961
Hellcat,"Patsy Walker, Patricia Hellstrom, The Cat",good,70,45,Blue,Patricia Walker,female,Red,5'8 // 173 cm,63,Patsy,"Centerville, CA USA",46,Marvel Comics,Human,Human,,33,11,135 lb // 61 kg,1976
Colossus,"Pete, Peter Nicholas, The Proletarian, Little Brother",good,80,100,Silver,Piotr Nikolaievitch Rasputin,male,Black,7'5 // 226 cm,63,Peter,"Ust-Ordynski Collective, near Lake Baikal, Siberia, Russia",45,Marvel Comics,Mutant,Mutant,,33,83,500 lb // 225 kg,1975
Starfire,"Princess Koriand'r, Kory Anders, Nova",good,70,85,Green,Koriand'r,female,Auburn,6'4 // 193 cm,50,-,Tamaran,59,DC Comics,Tamaranean,Alien,Orange,33,80,158 lb // 71 kg,1980
Gravity,Protector of the Universe,good,30,40,Blue,Greg Willis,male,Brown,5'10 // 178 cm,50,-,"Sheboygan, Wisconsin",67,Marvel Comics,Human,Human,,33,32,175 lb // 79 kg,2005
White-Canary,"Silk Sister, Sara Lance",bad,90,15,Brown,-,female,Black,- // 0 cm,63,-,-,49,DC Comics,Human,Human,,33,7,- lb // 0 kg,2012
Star-Lord,Starlord,good,70,50,Blue,Peter Jason Quill,male,Blond,6'2 // 188 cm,69,-,-,25,Marvel Comics,Human-Spartoi,Human,,33,20,175 lb // 79 kg,1976
Space-Ghost,"Ted Ghostel, Tad Ghostal",good,80,40,-,Thaddeus Bach,male,-,6'2 // 188 cm,38,-,-,95,DC Comics,Human,Human,,33,18,250 lb // 113 kg,1966
Catwoman,"The Cat, Irena Dubrovna, Elva Barr, Sadie Kelowski, Madame Moderne, Marguerite Tone",good,85,28,Green,Selina Kyle,female,Black,5'9 // 175 cm,69,-,Gotham City,27,DC Comics,Human,Human,,33,11,135 lb // 61 kg,1940
Apocalypse,"The Eternal One, the High Lord, Set, Huitxilopochti, Sauru, Kali-Ma",bad,60,100,Red,En Sabah Nur,male,Black,7'0 // 213 cm,100,-,"Akkaba, Egypt",100,Marvel Comics,Mutant,Mutant,Grey,33,100,300 lb // 135 kg,1986
Thanos,"The Mad Titan, Masterlord, The Overmaster, Chins",bad,80,100,Red,Thanos,male,No Hair,6'7 // 201 cm,100,-,Titan,100,Marvel Comics,Eternal,God,Purple,33,100,985 lb // 443 kg,1973
Atom-II,"The Mighty Mite, the Tiny Titan, the World's Smallest Hero",good,60,45,Brown,Raymond Palmer,male,Auburn,6'0 // 183 cm,88,Ray,-,40,DC Comics,Human,Human,,33,10,180 lb // 81 kg,1961
Groot,"The Monster from Planet X; His Divine Majesty King Groot the 23rd, Monarch of Planet X, custodian of the branch worlds, ruler of all the shades, Flora colossus Information-silk",good,64,70,Yellow,Groot,male,-,23'0 // 701 cm,75,-,-,100,Marvel Comics,Flora Colossus,Alien,,33,85,8200 lb // 4 tons,1960
Speedy,"Thea Merlyn, Mia, Red Arrow",good,70,20,Green,Thea Dearden Queen,female,Brown,- // 0 cm,50,-,Starling City,26,DC Comics,Human,Human,,33,6,- lb // 0 kg,1941
Adam-Strange,"Warrior of Two Worlds, Savior of Rann",good,50,40,Blue,Adam Strange,male,Blond,6'1 // 185 cm,69,-,"Chicago, Illinois",37,DC Comics,Human,Human,,33,10,195 lb // 88 kg,1958
Gorilla-Grodd,"William Dawson, King Grodd, Gorilla Grodd, Grodd-Son",bad,65,70,Yellow,Grodd,male,Black,6'6 // 198 cm,81,-,-,100,DC Comics,Gorilla,Alien,,33,53,600 lb // 270 kg,1959
Black-Widow,"Yelena Belova, Natasha Romanoff, Natasha, Tasha, Madame Natasha, Nancy Rushman, Laura Matthers, Nadine Roman, ""Oktober"", Black Pearl, Ebon Flame",good,100,30,Green,Natalia Alianovna Romanova,female,Auburn,5'7 // 170 cm,75,-,-,36,Marvel Comics,Human,Human,,33,13,131 lb // 59 kg,1964
Thundra,-,good,54,64,Green,Thundra,female,Red,7'2 // 218 cm,38,-,-,26,Marvel Comics,-,Unknown,,32,81,350 lb // 158 kg,1972
Ra's-Al-Ghul,Demon's Head,bad,100,42,Green,Ra's Al Ghul,male,Grey,6'4 // 193 cm,100,-,Egypt,27,DC Comics,Human,Human,,32,28,215 lb // 97 kg,1971
Deathlok,Demolisher,good,60,70,Brown,Luther Manning,male,Grey,6'4 // 193 cm,69,-,-,40,Marvel Comics,Cyborg,Robot,,30,32,395 lb // 178 kg,1974
Elektra,Erynys (evil self),good,100,28,Blue,Elektra Natchios,female,Black,5'9 // 175 cm,63,-,-,59,Marvel Comics,Human,Human,,30,11,130 lb // 59 kg,1981
Black-Panther,"Mr. Okonkwo, The Man Without Fear, Luke Charles, Black Leopard, the Client, Coal Tiger, has impersonated Daredevil and others on occasion",good,100,60,Brown,T'Challa,male,Black,6'0 // 183 cm,88,-,"Wakanda, Africa",41,Marvel Comics,Human,Human,,30,16,200 lb // 90 kg,1966
Shang-Chi,The Master of Kung Fu; The Rising and Advancing of the Spirit; Chinaman (by Jack Tarr),good,100,50,Brown,Shang-Chi,male,Black,5'10 // 178 cm,63,-,-,29,Marvel Comics,Human,Human,,30,12,175 lb // 79 kg,1973
Batwoman-V,-,good,80,25,Green,Katherine Rebecca Kane,female,Red,5'10 // 178 cm,81,Kate,-,27,DC Comics,Human,Human,,29,8,- lb // 0 kg,2005
Rorschach,-,good,80,20,Blue,Walter Joseph Kovacs,male,Red,5'6 // 168 cm,75,-,-,23,DC Comics,Human,Human,,29,10,140 lb // 63 kg,1986
Luke-Cage,"Carl Lucas, Power Man, Mark Lucas, Hero for Hire, Ace of Spades",good,70,95,Brown,Luke Cage,male,Black,6'6 // 198 cm,50,-,"Harlem, New York City",44,Marvel Comics,Human,Human,,29,63,425 lb // 191 kg,1972
Raven,"Pride, Dark Raven",neutral,40,70,Indigo,Rachel Roth,female,Black,5'5 // 165 cm,50,-,Azarath,84,DC Comics,Human,Human,,29,10,110 lb // 50 kg,1980
Scarlet-Witch,"Wanda Frank, Wanda Magnus, Ana Maximoff, Gypsy Witch, The Witch",bad,80,70,Blue,Wanda Maximoff,female,Brown,5'7 // 170 cm,100,-,"Wundagore Mountain, Transia",100,Marvel Comics,Mutant,Mutant,,29,10,132 lb // 59 kg,1964
Exodus,Paris Bennet,bad,70,28,Blue,Bennet du Paris,male,Black,6'0 // 183 cm,63,-,-,100,Marvel Comics,Mutant,Mutant,Red,28,81,195 lb // 88 kg,1993
Angel-Salvadore,Tempest,good,60,28,Brown,Angel Salvadore Bohusk,female,Black,5'4 // 163 cm,38,-,-,56,Marvel Comics,-,Unknown,,28,10,121 lb // 54 kg,2001
Spider-Woman-III,-,good,28,42,Brown,Martha Franklin,female,Brown,5'8 // 173 cm,50,Mattie,"Rochester, New York",60,Marvel Comics,-,Unknown,,27,48,123 lb // 55 kg,1998
Thunderbird,-,good,70,32,Brown,John Proudstar,male,Black,6'1 // 185 cm,50,-,"Camp Verde, Arizona",13,Marvel Comics,-,Unknown,,27,32,225 lb // 101 kg,1975
Blizzard-II,-,bad,56,42,Brown,Donald Gill,male,Brown,5'9 // 175 cm,38,Donnie Gill,"Newark, Delaware",47,Marvel Comics,-,Unknown,,27,10,170 lb // 77 kg,1987
Lizard,-,bad,56,70,Red,Curtis Connors,male,No Hair,6'8 // 203 cm,50,-,"Coral Gables, Florida",63,Marvel Comics,Human,Human,,27,51,510 lb // 230 kg,1963
Elongated-Man,Alvin Burgson; Molder,good,42,90,Blue,Ralph Dibny,male,Red,6'1 // 185 cm,38,-,-,41,DC Comics,-,Unknown,,27,10,178 lb // 80 kg,1960
Robin-III,"Alvin Draper, Batman, Robin, Timothy Wayne",good,85,28,Blue,Timothy Jackson Drake,male,Black,5'5 // 165 cm,81,Tim,-,29,DC Comics,Human,Human,,27,11,125 lb // 56 kg,1989
Red-Robin,"Alvin Draper, Batman, Robin, Timothy Wayne, Time Drake",good,80,32,Blue,Timothy Jackson Drake,male,Black,5'5 // 165 cm,81,-,Gotham City,29,DC Comics,Human,Human,,27,11,125 lb // 56 kg,1989
Snowbird,Anne McKenzie-Thompson,good,52,42,White,Narya,female,Blond,5'10' // 178 cm,50,-,"Near Resolute Bay, Northwest Territories, Canada",70,Marvel Comics,-,Unknown,,27,32,108 lb // 49 kg,1979
Ymir,Aurgelmir,good,28,100,White,Ymir,male,No Hair,1000 // 304.8 meters,50,-,Niffleheim,88,Marvel Comics,Frost Giant,Alien,White,27,100,- lb // 0 kg,1963
Captain-Marvel-II,"Captain Marvel Jr., CM3",good,56,90,Blue,Frederick Christopher Freeman,male,Black,5'9 // 175 cm,75,Freddy,-,34,DC Comics,Human,Human,,27,81,165 lb // 74 kg,1941
Micro-Lad,"Colossal Boy (mostly known as Colossal Boy, although he dislikes that name himself)",good,32,28,Grey,Gim Allon,male,Brown,6' // 183 cm,38,-,-,44,DC Comics,-,Unknown,,27,28,170 lb // 77 kg,1960
Domino,"Dom, Samantha Wu, Tamara Winter, Elena Vladescu, Jessica Marie Costello, Luisa Mendoza, Beatrice, Christina Elizabeth Alioso, Priscilla Sutherland, Hope Eldridge",good,74,28,Blue,Neena Thurman,female,Black,5'8 // 173 cm,63,-,"Project: Armageddon base, Everglades, Florida",49,Marvel Comics,Human,Human,White,27,10,120 lb // 54 kg,1991
Ronin,"Formerly Hawkeye, the Marksman, 'Br'er Hawkeye', Superhuman Cellblock Prisoner 334556, Longbow, Goliath, Father Time, Louis, Robin Hood, the Hawkeye Kid, Golden Archer, 'Purple Man'; impersonated Constrictor & Dreadknight",good,90,32,Blue,Clinton Francis Barton,male,Blond,6'3 // 191 cm,38,-,"Waverly, Iowa",21,Marvel Comics,Human,Human,,27,10,230 lb // 104 kg,2005
John-Stewart,Green Lantern,good,54,64,Green,John Stewart,male,Black,6'1 // 185 cm,50,-,-,94,DC Comics,-,Unknown,,27,80,201 lb // 90 kg,1972
Jolt,"Holly Tsuruta, Hallie Shimosato",good,42,32,Blue,Helen Takahama,female,Black,5'5 // 165 cm,63,Hallie,"Ojai, California",31,Marvel Comics,-,Unknown,,27,12,109 lb // 49 kg,1997
Batman,"Insider, Matches Malone",good,100,50,blue,Bruce Wayne,male,black,6'2 // 188 cm,100,"The Dark Knight, The Caped Crusader, The Worlds Greatest Detective, Matches Malone","Crest Hill, Bristol Township; Gotham County",47,DC Comics,Human,Human,,27,26,210 lb // 95 kg,1939
Invisible-Woman,Invisible Girl,good,56,85,blue,Susan Storm Richards,female,Blond,5'6 // 168 cm,88,-,"Glenville, Long Island, New York",93,Marvel Comics,Human / Radiation,Human,,27,10,120 lb // 54 kg,1961
Batgirl-IV,"Kasumi, various mundane persona,",good,100,56,Green,Cassandra Cain,female,Black,5'5 // 165 cm,69,-,League of Assassins (exact base is unknown),46,DC Comics,Human,Human,,27,12,115 lb // 52 kg,1999
Shadow-King,"Professor X, Ananasi, Amahl Farouk, Evil One, Master of the Games; he also impersonated the following mind-controlled subjects (in chronological order): Alexander Flynn, Karma, Cypher, Jacob Reisz, Donald Pierce and probably others",good,75,100,Red,Amahl Farouk,unidentified,-,6'1 // 185 cm,75,-,-,100,Marvel Comics,-,Unknown,,27,12,330 lb // 149 kg,1979
Robin-I,"Renegade, The Target, Freddie Dinardo",good,85,28,Blue,Richard John Grayson,male,Black,5'10 // 178 cm,88,-,-,32,DC Comics,Human,Human,,27,11,175 lb // 79 kg,1940
Skaar,"Savior, Son of Hulk, WorldBreaker, Long Hair, Little Monster, Conan",good,85,90,Green,-,male,Black,6'6 // 198 cm,50,-,Sakaar,69,Marvel Comics,-,Unknown,,27,85,400 lb // 180 kg,1986
Songbird,"Screaming Mimi, Mimi Schwartz, Margie Green",good,56,42,Green,Melissa Joan Gold,female,Red / White,5'5 // 165 cm,75,-,"Shoshoni, Wyoming",55,Marvel Comics,-,Unknown,,27,36,145 lb // 65 kg,1979
Magneto,"The Creator, Erik Magnus Lehnsherr, Michael Xavier, White Pilgrim, Erik the RedThe Master of Magnetism",bad,80,84,Grey,Erik Magnus Lensherr,male,White,6'2 // 188 cm,88,-,"Unrevealed, probably somewhere in Northern Europe",91,Marvel Comics,Mutant,Mutant,,27,80,190 lb // 86 kg,1963
Longshot,"The Lost Messiah, The Lucky One",good,70,10,Blue,-,male,Blond,6'2 // 188 cm,50,-,-,71,Marvel Comics,Human,Human,,27,10,80 lb // 36 kg,1985
Question,Vic Sage,good,80,35,Blue,Charles Victor Szasz,male,Blond,6'2 // 188 cm,81,Charlie,-,20,DC Comics,Human,Human,,27,14,185 lb // 83 kg,1967
Robin-VI,-,neutral,70,20,Green,Carrie Kelley,female,Red,- // 0 cm,50,-,Gotham City,17,DC Comics,Human,Human,,25,8,- lb // 0 kg,1983
Bumblebee,-,good,35,10,Brown,Karen Beecher-Duncan,female,Black,5'7 // 170 cm,63,-,-,45,DC Comics,Human,Human,,25,28,130 lb // 59 kg,1977
Ghost-Rider,-,good,60,100,Red,Jonathan Blaze,male,No Hair,6'2 // 188 cm,50,Johnny,"Waukegan, Illinois",100,Marvel Comics,Demon,God,,25,55,220 lb // 99 kg,1989
Drax-the-Destroyer,-,good,65,85,Red,Arthur Sampson Douglas,male,No Hair,6'4 // 193 cm,56,-,"Burbank, California",46,Marvel Comics,Human / Altered,Human,Green,25,80,680 lb // 306 kg,1973
Iron-Monger,-,bad,56,90,Blue,Obadiah Stane,male,No Hair,- // 0 cm,88,-,-,57,Marvel Comics,-,Unknown,,25,63,4230 lb // 2 tons,1985
Enchantress,"Anita Soulfeeda, Soulsinger",good,40,60,Blue,-,female,Blond,5'6 // 168 cm,63,-,-,100,DC Comics,Human,Human,,25,14,126 lb // 57 kg,1966
Red-Arrow,"Arsenal, Speedy",good,80,20,Green,"Roy William Harper, Jr.",male,Red,5'11 // 180 cm,63,-,-,23,DC Comics,Human,Human,,25,16,185 lb // 83 kg,1941
Bullseye,"Benjamin Poindexter, Daredevil, Punisher, Bullseye, Hawkeye, pitcher",bad,70,70,blue,Lester,male,blond,6'0 // 183 cm,50,-,-,20,Marvel Comics,Human,Human,,25,11,200 lb // 90 kg,1976
Psylocke,"Betsy, Captain Britain, Lady Mandarin",good,90,40,Blue,Elizabeth Braddock,female,Purple,5'11 // 180 cm,63,-,"Braddock Manor, England",100,Marvel Comics,Mutant,Mutant,,25,33,155 lb // 70 kg,1976
Plantman,Blackheath,bad,25,55,Green,-,male,Grey,6'0 // 183 cm,63,-,"London, England",61,Marvel Comics,Mutant,Mutant,,25,60,193 lb // 87 kg,1963
Wonder-Girl,"Cassandra Sandsmark, Cassie, Helen Troy, Wonder Woman, Cassie Sandsmark",good,60,80,Blue,Cassandra Elizabeth Sandsmark,female,Blond,5'5 // 165 cm,75,Cassie,-,39,DC Comics,Demi-God,God,,25,90,114 lb // 51 kg,1947
Swamp-Thing,"Green Man, Swampy, the Weed, Le Bon Gumbo, Smalsh-Yegger (on Rann)",bad,55,100,Red,Alec Holland,male,No Hair,- // 0 cm,88,-,-,100,DC Comics,God / Eternal,God,Green,25,95,- lb // 0 kg,1971
Absorbing-Man,"Greithoth, ""Crusher"" Creel, Rocky Davis, Dynamite Davis, Lightningbolt, Prisoner #24957",bad,64,100,Blue,Carl Creel,male,No Hair,6'4 // 193 cm,38,-,"New York City, New York",98,Marvel Comics,Human,Human,,25,80,270 lb // 122 kg,1965
Daredevil,"Matt, Jack Batlin, Kingpin of Crime, Laurent LeVasseur, Michael ""Mike"" Murdock, Scarlet Swashbuckler, Nameless One, Kingpin of Hell's Kitchen, The Man Without Fear, The Guardian Devil, DD, Red, Hornhead, Cooper Peyton, Captain Universe",good,100,35,Blue,Matthew Michael Murdock,male,Red,6'0 // 183 cm,75,-,"New York City, New York",61,Marvel Comics,Human,Human,,25,13,200 lb // 90 kg,1964
Hydro-Man,Morrie,bad,50,80,Brown,Morris Bench,male,Brown,6'2 // 188 cm,38,-,"Bronx, New York",66,Marvel Comics,-,Unknown,,25,13,265 lb // 119 kg,1981
Havok,"Mutant X, Goblin Prince",good,45,60,Blue,Alexander Summers,male,Blond,6' // 183 cm,63,Alex,"Honolulu, Hawaii",71,Marvel Comics,Mutant,Mutant,,25,10,175 lb // 79 kg,1969
Doctor-Fate,Nabu,good,50,80,Blue,Kent Nelson,male,Blond,6'2 // 188 cm,81,-,-,100,DC Comics,Human,Human,,25,16,197 lb // 89 kg,1940
Orion,"Son of Darkseid, The Dog of War",good,100,80,Blue,-,male,Strawberry Blond,6'4 // 193 cm,63,-,-,100,DC Comics,New God,God,,25,100,425 lb // 191 kg,1971
Stargirl,"Star-Spangled Kid, Star, Stars",good,55,90,Blue,Courtney Whitmore,female,Blond,5'5 // 165 cm,63,-,-,85,DC Comics,Human,Human,,25,80,137 lb // 62 kg,1999
Kingpin,"The Brain Washer, Harold Howard, Wilbur",bad,70,40,Blue,Wilson Grant Fisk,male,No Hair,6'7 // 201 cm,75,-,New York City area,13,Marvel Comics,Human,Human,,25,18,450 lb // 203 kg,1967
Plastique,-,bad,42,28,Blue,Bette Sans Souci,female,Red,5'6 // 168 cm,50,-,-,60,DC Comics,-,Unknown,,23,10,123 lb // 55 kg,1982
Phantom-Girl,-,good,42,28,Blue,Tinya Wazzo,female,Black,5'6 // 168 cm,38,-,-,53,DC Comics,-,Unknown,,23,10,120 lb // 54 kg,1961
Giganta,-,bad,42,85,Green,Doris Zuel,female,Red,205 // 62.5 meters,81,-,-,32,DC Comics,-,Unknown,,23,89,1400 lb // 630 kg,1944
Zatanna,-,good,56,28,Blue,Zatanna Zatara,female,Black,5'7 // 170 cm,81,-,-,100,DC Comics,Human,Human,,23,10,127 lb // 57 kg,1964
Arclight,-,bad,70,42,Violet,Philippa Sontag,female,Purple,5'8 // 173 cm,38,-,Vietnam,52,Marvel Comics,-,Unknown,,23,63,126 lb // 57 kg,1986
Callisto,-,bad,85,42,Blue,Callisto,female,Black,5'9 // 175 cm,63,-,-,52,Marvel Comics,-,Unknown,,23,53,165 lb // 74 kg,1983
Plastic-Man,-,good,56,100,Blue,Patrick O'Brian,male,Black,6'1 // 185 cm,50,Eel,-,100,DC Comics,Human,Human,,23,63,178 lb // 80 kg,1941
Lightning-Lord,-,bad,42,42,Blue,Mekt Ranzz,male,Red,6'3 // 191 cm,44,-,-,66,DC Comics,-,Unknown,,23,10,210 lb // 95 kg,1961
Bane,-,bad,95,56,-,-,male,-,6'8 // 203 cm,88,-,-,51,DC Comics,Human,Human,,23,38,400 lb // 180 kg,1993
Magog,-,good,72,64,Blue,David Reid,male,Blond,- // 0 cm,50,-,-,66,DC Comics,-,Unknown,,23,48,- lb // 0 kg,1996
Metallo,-,bad,64,95,Green,John Corben,male,Brown,6'5 // 196 cm,75,-,-,86,DC Comics,Cyborg,Robot,,23,53,200 lb // 90 kg,1959
Rick-Flag,-,bad,95,28,Blue,Richard Rogers Flag,male,Brown,6'1 // 185 cm,88,Rick,-,19,DC Comics,-,Unknown,,23,11,189 lb // 85 kg,1959
Warp,-,bad,50,28,Brown,Emil LaSalle,male,Black,5'8 // 173 cm,38,-,-,85,DC Comics,-,Unknown,,23,10,148 lb // 67 kg,1981
Brainiac-5,-,good,32,28,Green,Querl Dox,male,Blond,5'7 // 170 cm,100,-,-,60,DC Comics,-,Unknown,,23,10,135 lb // 61 kg,1961
Tinkerer,-,bad,14,14,Brown,Phineas Mason,male,White,5'4 // 163 cm,100,-,-,10,Marvel Comics,-,Unknown,,23,10,120 lb // 54 kg,1963
Molten-Man,-,bad,56,84,Gold,Mark Raxton,male,Gold,6'5 // 196 cm,50,-,-,53,Marvel Comics,-,Unknown,,23,73,550 lb // 248 kg,1965
Kraven-II,-,bad,85,28,Brown,Alyosha Kravinoff,male,Black,6'3 // 191 cm,50,-,-,43,Marvel Comics,Human,Human,,23,34,220 lb // 99 kg,1997
Synch,-,good,56,28,Brown,Everett Thomas,male,Black,5'11 // 180 cm,75,-,-,74,Marvel Comics,-,Unknown,,23,67,165 lb // 74 kg,1994
Multiple-Man,-,good,62,70,Blue,James Arthur,male,Brown,5'11' // 180 cm,63,Jamie,"Los Alamos, New Mexico",28,Marvel Comics,-,Unknown,,23,11,155 lb // 70 kg,1975
Shocker,-,bad,56,70,Brown,Herman Schultz,male,Brown,5'9 // 175 cm,63,-,-,79,Marvel Comics,Human,Human,,23,10,175 lb // 79 kg,1967
Bantam,-,good,56,54,Brown,Roberto Velasquez,male,Black,5'5 // 165 cm,25,-,-,21,Marvel Comics,-,Unknown,,23,53,119 lb // 54 kg,1963
Blob,-,bad,72,95,Brown,Frederick J. Dukes,male,Brown,5'10 // 178 cm,10,Fred,"Lubbock, Texas",26,Marvel Comics,-,Unknown,,23,83,510 lb // 230 kg,1964
Diamondback,-,bad,60,28,Brown,Willis Stryker,male,Black,6'4 // 193 cm,44,-,-,45,Marvel Comics,Human,Human,,23,16,200 lb // 90 kg,1972
Utgard-Loki,-,bad,64,84,Blue,-,male,White,50'0 // 15.2 meters,50,-,Jotunheim,80,Marvel Comics,Frost Giant,Alien,,23,80,128000 lb // 58 tons,1978
Angel-Dust,"Angel, Dusty",good,30,42,Yellow,Christina,female,Black,5'5 // 165 cm,38,-,-,17,Marvel Comics,Mutant,Mutant,,23,55,126 lb // 57 kg,2002
Goblin-Queen,"Anodyne, Maddie, Lyne, Red, Madelyne Pryor-Summers",bad,56,28,Green,Madelyne Jennifer Pryor,female,Red,5'6 // 168 cm,75,-,"Created in Sinister's Labs, Nebraska",65,Marvel Comics,-,Unknown,,23,10,110 lb // 50 kg,1983
Bishop,Archbishop,good,65,75,Brown,Lucas Bishop,male,No Hair,6'6 // 198 cm,63,-,A mutant relocation camp in an undisclosed location on an alternate 21st Century Earth,100,Marvel Comics,Mutant,Mutant,,23,14,275 lb // 124 kg,1991
Misfit,Batgirl,good,42,80,Blue,Charlotte Gage-Radcliffe,female,Red,- // 0 cm,63,-,-,91,DC Comics,-,Unknown,,23,32,- lb // 0 kg,2006
Oracle,"Batgirl, Babs; Barbie Doll; O; The Masked Maiden; the Dark Knight Damsel",good,76,28,Blue,Barbara Gordon,female,Red,5'10 // 178 cm,75,-,-,19,DC Comics,Human,Human,,23,11,132 lb // 59 kg,1989
Huntress,"Batgirl, Sicilian, Mafia Princess",good,95,28,Blue,Helena Rosa Bertinelli,female,Black,5'11 // 180 cm,69,-,-,34,DC Comics,-,Unknown,,23,10,130 lb // 59 kg,1989
Sasquatch,"Box, Wanda Langkowski",good,42,56,Red,Walter Langkowski,male,Orange,10' // 305 cm,75,-,"Edmonton, Alberta, Canada",15,Marvel Comics,-,Unknown,,23,80,2000 lb // 900 kg,1979
Cable,"Chosen One, Soldier X, Nathan Dayspring, Askani'son, Nathan Dayspring Summers, Nathan Winters, The Traveller, The Saviour",good,80,56,Blue,Nathan Christopher Charles Summers Dayspring,male,White,6'8 // 203 cm,88,-,Unrevealed location in the 20th Century United States,100,Marvel Comics,Mutant,Mutant,,23,48,350 lb // 158 kg,1986
Gambit,"Death, Le Diable Blanc, formerly Robert Lord, Cajun",good,84,28,Red,Remy Etienne LeBeau,male,Brown,6'1 // 185 cm,63,-,"New Orleans, Louisiana",55,Marvel Comics,Mutant,Mutant,,23,10,179 lb // 81 kg,1990
Nick-Fury,"Doyle, The Mystery in the Mask, Patch, Scorpio",good,100,42,Brown,Nicholas Joseph Fury,male,Brown / White,6'1 // 185 cm,75,-,New York City,25,Marvel Comics,Human,Human,,23,11,221 lb // 99 kg,1963
Triplicate-Girl,"Duo Damsel, Una, Triad",good,42,42,Purple,Luornu Durgo,female,Brown,5'6 // 168 cm,63,-,-,44,DC Comics,-,Unknown,,23,10,130 lb // 59 kg,1961
Wildfire,"ERG-1, Atom'x, Randall Burroughs, Jahr-Drake Nigle",good,42,100,-,Drake Burroughs,male,-,- // 0 cm,50,-,-,77,DC Comics,-,Unknown,,23,32,- lb // 0 kg,1973
Box-IV,"Gemini, Jack-In-The-Box",good,56,28,Brown,Madison Jeffries,unidentified,Brown / Black,- // 0 cm,50,-,Place of birth unknown,11,Marvel Comics,-,Unknown,,23,75,- lb // 0 kg,1983
Proto-Goblin,Green Goblin,bad,28,48,Green,Nels Van Adder,male,Blond,- // 0 cm,63,-,-,22,Marvel Comics,-,Unknown,,23,38,- lb // 0 kg,1966
Alan-Scott,"Green Lantern, White King, Sentinal",good,32,90,Blue,Alan Ladd Wellington Scott,male,Blond,5'11 // 180 cm,63,-,Gotham City,100,DC Comics,-,Unknown,,23,80,201 lb // 90 kg,1940
Ant-Man,"Hank Pym, Doctor Pym, Ant-Man, Goliath, Yellowjacket, Wasp, Earth's Scientist Supreme",good,32,28,Blue,Henry Jonathan Pym,male,Blond,6'11 // 211 cm,100,-,"Elmsford, New York",32,Marvel Comics,Human,Human,,23,18,270 lb // 122 kg,1962
Fin-Fang-Foom,He Whose Limbs Shatter Mountains and Whose Back Scrapes the Sun (translation),good,70,100,Red,-,male,No Hair,32'0 // 975 cm,50,-,-,75,Marvel Comics,Kakarantharaian,Inhuman,Green,23,81,40000 lb // 18 tons,1961
Moon-Knight,"Jake Lockley, Steven Grant, Yitzak Topol, Fist of Khonshu, Crescent Crusader, Lunar Legionnaire",good,75,42,Brown,Marc Spector,male,Brown,6'2 // 188 cm,50,-,"Chicago, Illinois",28,Marvel Comics,Human,Human,,23,36,225 lb // 101 kg,1975
Beyonder,"Kosmos, Cosmos, Frank",good,56,100,-,-,male,-,- // 0 cm,88,-,Created in the Beyond,100,Marvel Comics,-,Unknown,,23,100,- lb // 0 kg,1984
Lightning-Lad,"Lightning Boy, Live Wire",good,42,28,Blue,Garth Ranzz,male,Red,5'1 // 155 cm,38,-,-,60,DC Comics,-,Unknown,,23,10,145 lb // 65 kg,1958
Mystique,Mallory Brickman,bad,74,64,Yellow (without irises),Raven Darkholme,female,Red / Orange,5'10 // 178 cm,75,-,-,64,Marvel Comics,Mutant,Mutant,Blue,23,12,120 lb // 54 kg,1978
Deadshot,"Man Who Never Misses, Worlds Finest Assassin, Orlando Furioso",bad,80,28,Brown,Floyd Lawton,male,Brown,6'1 // 185 cm,50,-,-,55,DC Comics,Human,Human,,23,10,202 lb // 91 kg,1950
Big-Man,Patch,bad,70,28,Blue,Frederick Foswell,male,Brown,5'5 // 165 cm,75,-,-,19,Marvel Comics,-,Unknown,,23,12,157 lb // 71 kg,1964
Atlas,"Power Man, Smuggler, Goliath, Shatterfist, Intruder from Beyond, Edward Jantzen",good,42,99,Brown,Erik Stephan Josten,male,Red,6'0 // 183 cm,50,-,-,74,Marvel Comics,-,Unknown,,23,80,225 lb // 101 kg,1975
Changeling,"Professor X, Professor Charles Xavier",bad,64,42,Brown,Kevin Sidney,male,Black,5'11 // 180 cm,63,-,-,64,Marvel Comics,-,Unknown,,23,10,180 lb // 81 kg,1967
Red-Hood,"Robin, Red Robin, Batman, Nightwing, Arkham Knight",neutral,95,28,Blue,Jason Peter Todd,male,Black,6'0 // 183 cm,75,Rojo,-,35,DC Comics,Human,Human,,23,12,180 lb // 81 kg,2004
Hawkeye,"Ronin, Goliath II, Golden Archer, the Marksman, Father Time, Longbow",good,80,14,Blue,Clinton Francis Barton,male,Blond,6'3 // 191 cm,50,Clint,"Waverly, Iowa",25,Marvel Comics,Human,Human,,23,12,230 lb // 104 kg,1963
Shriek,Sandra Deel,good,42,28,Yellow / Blue,Frances Louise Barrison,female,Black,5'8 // 173 cm,50,-,-,45,Marvel Comics,-,Unknown,,23,10,115 lb // 52 kg,1993
Cyclops,"Scotty, Cyke, Slim, Fearless Leader, One-Eye, Erik the Red, Slym Dayspring, Mutate 007, Apocalypse",good,80,42,Brown,Scott Summers,male,Brown,6'3 // 191 cm,75,Slim,"Anchorage, Alaska",76,Marvel Comics,Mutant,Mutant,,23,10,195 lb // 88 kg,1963
Rocket-Raccoon,"Sharpshooting Space Racoon, Rocky Raccoon, Ranger Rocket",good,64,28,Brown,Rocket Raccoon,male,Brown,4'0 // 122 cm,50,-,-,28,Marvel Comics,Animal,Alien,,23,5,55 lb // 25 kg,1976
Ms-Marvel-II,She-Thing,good,56,84,Blue,Sharon Ventura,female,Red,5'8 // 173 cm,38,-,"Pullman, Washington",11,Marvel Comics,-,Unknown,,23,63,135 lb // 61 kg,1977
Atom-Girl,Shrinking Violet,good,42,28,Black,Salu Digby,female,Black,5'6 // 168 cm,38,-,-,38,DC Comics,-,Unknown,,23,10,120 lb // 54 kg,1961
Sobek,Sobek the Talking Crocodile; The Unknown in Formless Time Before Time; Famine,good,56,46,White,Yurrd the Unknown,male,No Hair,- // 0 cm,50,-,Nile River; Bioengineered at Oolong Island,20,DC Comics,-,Unknown,,23,34,- lb // 0 kg,2006
Batgirl-VI,"Steph, Robin, Marion Todd, Spoiler",good,80,28,Blue,Stephanie Brown,female,Blond,5'6 // 168 cm,75,-,-,22,DC Comics,-,Unknown,,23,10,135 lb // 61 kg,2009
Mandarin,"Tem Borjigin, Gene Kahn, Master Khan, Zhang Tong, Mandy",bad,95,28,Blue,Khan,male,White,6'2 // 188 cm,100,-,China,100,Marvel Comics,Human,Human,,23,28,215 lb // 97 kg,1964
Jubilee,Jubes,good,90,20,Red,Jubilation Lee,female,Black,5'5 // 165 cm,56,-,"Beverly Hills, California",66,Marvel Comics,Mutant,Mutant,,22,8,115 lb // 52 kg,1989
Poison-Ivy,-,bad,40,40,Green,Pamela Lillian Isley,female,Red,5'6 // 168 cm,81,-,"Seattle, Washington",100,DC Comics,Human,Human,Green,21,14,110 lb // 50 kg,1966
Punisher,"Big Nothing, Major Bateman, Ted Bishop, Cliff Callador, Castigo, Chaloner, Fred D'Amato, Eastman, Charles Fort, Frank Loomis, McRook, Melchior, Joe Rainey, Frank Rook, Richard Rook, Tony Knowlen Ross, Francis Stronghold, Johnny Tower, Dmitri Velikoff, Fra",good,100,45,Blue,Francis Castiglione,male,Black,6'0' // 183 cm,69,-,"Queens, New York",42,Marvel Comics,Human,Human,,21,16,200 lb // 90 kg,1974
Thing,"Blackbeard the Pirate, Grim Ben, Dr. Josiah Verpoorteen",good,80,100,Blue,Benjamin Jacob Grimm,male,No Hair,6'0 // 183 cm,75,"Ben, The ever loving blue-eyed Thing","New York City, New York",38,Marvel Comics,Human / Radiation,Human,,21,84,500 lb // 225 kg,1961
Shadowcat,"Kitty Pryde, Ariel, Sprite, Cat",good,70,25,Hazel,Katherine Pryde,female,Brown,5'6 // 168 cm,88,"Kitty, Kitten, Katya","Deerfield, Illinois",69,Marvel Comics,Mutant,Mutant,,21,8,110 lb // 50 kg,1980
Copycat,"Nurse Veronica, Patricia Muggins, Titania, Garrison Kane, Christina Valentino, Domino, Cheryl Marks, Debbie, Marguerite, Amy",neutral,60,25,Red,Vanessa Carlysle,female,White,6'0 // 183 cm,56,-,-,54,Marvel Comics,Mutant,Mutant,Blue,21,10,148 lb // 67 kg,1991
Blink,-,good,64,28,Green,Clarice Ferguson,female,Magenta,5'5 // 165 cm,50,-,Bahamas,77,Marvel Comics,Mutant,Mutant,Pink,20,8,125 lb // 56 kg,1994
Chamber,"Decibel, Jono, Jono Hex",good,64,80,Brown,Jonothon Evan Starsmore,male,Brown,5'9 // 175 cm,50,-,United Kingdom,57,Marvel Comics,Mutant,Mutant,,20,10,140 lb // 63 kg,1994
Doctor-Doom,"The Master, Invincible Man",bad,84,100,Brown,Victor von Doom,male,Brown,6'7 // 201 cm,100,-,"Haasenstadt, Latveria",100,Marvel Comics,Human,Human,,20,32,415 lb // 187 kg,1962
Mister-Fantastic,Mr Fantastic,good,64,70,Brown,Reed Richards,male,Brown,6'1 // 185 cm,100,-,"Central City, California",33,Marvel Comics,Human / Radiation,Human,,18,10,180 lb // 81 kg,1961
Vibe,-,good,30,30,Brown,Francisco Paco Ramon,male,Black,5'10 // 178 cm,50,-,-,99,DC Comics,Human,Human,,17,10,157 lb // 71 kg,1984
Ink,-,good,50,40,Blue,Eric Gitter,male,No Hair,5'11 // 180 cm,38,-,-,73,Marvel Comics,Mutant,Mutant,,17,28,180 lb // 81 kg,2008
Junkpile,-,bad,30,90,-,-,male,-,- // 0 cm,50,-,-,81,Marvel Comics,Mutant,Mutant,,17,38,- lb // 0 kg,1993
Alfred-Pennyworth,Alfred Beagle,good,55,10,Blue,Alfred Thaddeus Crane Pennyworth,male,Black,5'10 // 178 cm,63,-,-,7,DC Comics,Human,Human,,17,10,160 lb // 72 kg,1943
Azrael,Bat-Devil; Bat-Ghost,good,80,20,Brown,Michael Washington Lane,male,Black,- // 0 cm,63,-,Gotham City,35,DC Comics,Human,Human,,17,18,- lb // 0 kg,1992
Captain-Cold,"Citizen Cold, Kid Kold, Len Snart, Leonard Snart, Leonards Wynters, The Man Who Mastered Absolute Zero",neutral,20,20,Brown,Leonard Snart,male,Brown,- // 0 cm,50,-,-,28,DC Comics,Human,Human,,17,10,- lb // 0 kg,1957
Etrigan,Demon,neutral,50,100,Red,Jason Blood,male,No Hair,6'4 // 193 cm,50,-,Hell,100,DC Comics,Demon,God,Yellow,17,85,452 lb // 203 kg,1972
The-Comedian,Eddie Blake,neutral,80,10,Brown,Edward Morgen Blake,male,Black,6'2 // 188 cm,63,-,-,12,DC Comics,Human,Human,,17,14,225 lb // 101 kg,1986
Mister-Knife,"Jason of Spartax, Jason of Sparta, Star-Lord, Mr Knife",bad,65,30,Blue,-,male,Brown,- // 0 cm,75,-,"Spartax, Spartoi Empire, near the Shi'ar Galaxy",13,Marvel Comics,Spartoi,Human,,17,10,- lb // 0 kg,1977
Ant-Man-II,"Myrmidon, Scott Edward Harris Lang",good,30,40,Blue,Scott Lang,male,Blond,6'0 // 183 cm,75,-,"Coral Gables, Florida",53,Marvel Comics,Human,Human,,17,18,190 lb // 86 kg,1979
Mysterio,"Nicholas Macabes, Rudolph Hines, Gerdes, Doctor Ludwig Rinehart",bad,70,40,Brown,Quentin Beck,male,No Hair,5'11 // 180 cm,81,-,"New York, New York",77,Marvel Comics,Human,Human,,17,10,175 lb // 79 kg,1964
Spyke,"Porcupine, Armadillo",good,30,60,Brown,Evan Daniels,male,Blond,6'0 // 183 cm,50,-,-,48,Marvel Comics,Mutant,Mutant,,17,12,185 lb // 83 kg,2000
A-Bomb,Rick Jones,good,64,80,Yellow,Richard Milhouse Jones,male,No Hair,6'8 // 203 cm,38,-,"Scarsdale, Arizona",24,Marvel Comics,Human,Human,,17,100,980 lb // 441 kg,2008
Heat-Wave,Rory Calhoun,bad,30,45,Blue,Mick Rory,male,No Hair,5'11 // 180 cm,38,-,-,27,DC Comics,Human,Human,,17,10,179 lb // 81 kg,1963
Clock-King,Tempus Fugit,bad,40,10,Blue,William Tockman,male,Black,5'10 // 178 cm,75,-,-,7,DC Comics,Human,Human,,17,10,173 lb // 78 kg,1960
Killer-Frost,-,bad,30,35,Blue,-,female,Blond,- // 0 cm,88,-,-,59,DC Comics,Human,Human,Blue,13,10,- lb // 0 kg,1985
Agent-Bob,"Bob, agent of Hydra, Bob, agent of A.I.M",good,20,5,Brown,Bob,male,Brown,5'10 // 178 cm,10,-,-,5,Marvel Comics,Human,Human,,13,8,181 lb // 81 kg,2007
Solomon-Grundy,Marshland Monster,bad,30,100,Black,Cyrus Gold,male,White,9'2 // 279 cm,9,-,Gotham City,92,DC Comics,Zombie,Mutant,,13,93,971 lb // 437 kg,1944
Bling!,-,good,28,90,-,Roxanne Washington,female,-,5'6 // 168 cm,69,Roxy,-,52,Marvel Comics,-,Unknown,,12,14,152 lb // 68 kg,2005
Boom-Boom,-,good,64,42,-,Tabitha Smith,female,-,- // 0 cm,38,-,-,56,Marvel Comics,Mutant,Mutant,,12,10,- lb // 0 kg,1985
Sage,-,good,56,14,Blue,Tessa,female,Black,5'7' // 170 cm,75,Lady Tessa,Place of birth unknown,28,Marvel Comics,-,Unknown,,12,10,135 lb // 61 kg,1980
Ariel,-,good,28,14,Purple,Ariel,female,Pink,5'5 // 165 cm,50,-,-,94,Marvel Comics,-,Unknown,,12,10,130 lb // 59 kg,1980
Aquababy,-,good,14,14,Blue,"Arthur Curry, Jr.",male,Blond,- // 0 cm,10,-,-,37,DC Comics,-,Unknown,,12,16,- lb // 0 kg,1965
Lex-Luthor,-,bad,28,14,Green,Alexander 'Lex' Joseph Luthor,male,No Hair,6'2' // 188 cm,100,-,-,10,DC Comics,-,Unknown,,12,10,210 lb // 95 kg,1940
Penguin,-,bad,45,28,Blue,Oswald Chesterfield Cobblepot,male,Black,5'2 // 157 cm,75,-,-,30,DC Comics,Human,Human,,12,10,175 lb // 79 kg,1941
Mister-Mxyzptlk,-,bad,28,14,-,Mr. Mxyzptlk,male,-,- // 0 cm,113,Mxy,-,100,DC Comics,-,Unknown,,12,10,- lb // 0 kg,1944
Scarecrow,-,bad,50,14,Blue,Jonathan Crane,male,Brown,6'0 // 183 cm,81,-,-,48,DC Comics,Human,Human,,12,10,140 lb // 63 kg,1941
Pyro,-,bad,28,14,Blue,St. John Allerdyce,male,Blond,5'10 // 178 cm,38,-,"Sydney, Australia",50,Marvel Comics,-,Unknown,,12,10,150 lb // 68 kg,1981
Leader,-,bad,42,14,Green,Samuel Sterns,male,No Hair,5'10 // 178 cm,100,-,"Boise, Idaho",58,Marvel Comics,-,Unknown,,12,10,140 lb // 63 kg,1964
Sebastian-Shaw,-,bad,56,95,-,Sebastian Hiram Shaw,male,-,- // 0 cm,63,-,-,36,Marvel Comics,Mutant,Mutant,,12,85,- lb // 0 kg,1980
Wyatt-Wingfoot,-,good,56,1,Brown,Wyatt Wingfoot,male,Black,6'5' // 196 cm,10,-,"Keewazi Reservation, Oklahoma",1,Marvel Comics,-,Unknown,,12,10,260 lb // 117 kg,1966
Leech,-,good,14,14,-,-,male,-,- // 0 cm,25,-,-,62,Marvel Comics,-,Unknown,,12,5,- lb // 0 kg,1984
Rogue,"Anna Raven, Doctor Kellogg, Mutate 9602, Irene Adler, Miss Smith",good,80,28,Green,Anna Marie,female,Brown / White,5'8 // 173 cm,75,-,"Caldecott County, Mississippi",80,Marvel Comics,-,Unknown,,12,10,120 lb // 54 kg,1981
Two-Face,Apollo,bad,28,14,-,Harvey Dent,male,-,6'0 // 183 cm,88,-,-,9,DC Comics,-,Unknown,,12,10,182 lb // 82 kg,1942
Meltdown,"Boom-Boom, Boomer, Meltdown, Mutate #35, Time Bomb, Nancy Forrester",good,64,42,Blue,Tabitha Smith,female,Blond,5'5 // 165 cm,38,-,"Roanoke, Virginia",62,Marvel Comics,-,Unknown,,12,10,120 lb // 54 kg,1985
Maverick,"Chris, Bolt",good,85,42,Blue,Christopher Bradley,male,Black,6'4 // 193 cm,63,-,-,60,Marvel Comics,-,Unknown,,12,10,244 lb // 110 kg,1992
Crystal,"Crys, Exquisite Elemental",good,56,14,Green,Crystallia Amaquelin Maximoff,female,Red,5'6 // 168 cm,63,-,Attilan,57,Marvel Comics,Inhuman,Inhuman,,12,16,110 lb // 50 kg,1965
Red-Skull,"Dell Rusk, Bettman P. Lyles, the Agent of a Thousand Faces, The Man, Cyrus Fenton, Teacher, Tod March, John Smith, Aleksander Lukin.",bad,80,14,Blue,Johann Shmidt,male,No Hair,6'2 // 188 cm,75,-,An unidentified village in Germany,19,Marvel Comics,-,Unknown,,12,10,240 lb // 108 kg,1941
Chameleon,"Dr. Ashley Kafka, Dr. Turner, J. Jonah Jameson, Torpedo, Rick Jones, Dr. Henry Pym, Peter Parker, Captain George Stacy, Dr. Robert Bruce Banner, General",bad,28,28,-,Dmitri Anatoly Smerdyakov Kravinoff,male,-,- // 0 cm,88,-,Russia,28,DC Comics,-,Unknown,,12,10,- lb // 0 kg,1963
Riddler,"E. Nigma, Edward E. Nigma",bad,14,14,-,Edward Nigma,male,-,- // 0 cm,100,-,-,10,DC Comics,-,Unknown,,12,10,- lb // 0 kg,1948
Yellowjacket,Hank Pym,good,14,28,Blue,Henry Jonathan Pym,male,Blond,6' // 183 cm,88,-,"Elmsford, New York",12,Marvel Comics,Human,Human,,12,10,185 lb // 83 kg,1968
Kevin-11,"Kevin 11,000, Curtis, Osmosian, Kev, Kevin Ethan, Levin, Ultimate Kevin, Doofus, An Empty Shell, Kevin E. Levin",good,40,14,-,Kevin Ethan Levin,male,Black,- // 0 cm,25,-,-,100,DC Comics,Human,Human,,12,7,- lb // 0 kg,2005
Moses-Magnum,"Magnum Force,",bad,56,42,Brown,Moses Magnum,male,Black,5'9 // 175 cm,75,-,-,55,Marvel Comics,-,Unknown,,12,28,159 lb // 72 kg,1975
Quill,Max,good,14,14,Brown,Maxwell Jordan,male,Brown,5'4 // 163 cm,38,-,-,23,Marvel Comics,-,Unknown,,12,10,124 lb // 56 kg,2004
Mister-Freeze,"Mister Zero, Doctor Zero, Doctor Schimmell",bad,28,70,-,Victor Fries,male,-,6'0 // 183 cm,75,-,-,37,DC Comics,Human,Human,,12,32,190 lb // 86 kg,1959
Hope-Summers,"Mutant Messiah, Messiah Child, Hub, Throat Slicer, Little Girl, Little Momma",good,75,32,Green,Hope Summers,female,Red,5'6 // 168 cm,63,-,-,89,Marvel Comics,-,Unknown,,12,10,106 lb // 48 kg,2007
Professor-X,"Prof, Dr. X, Professor Xavier, formerly Prisoner M-13",good,32,14,Blue,Charles Francis Xavier,male,No Hair,6' // 183 cm,100,-,"New York, New York",100,Marvel Comics,Mutant,Mutant,,12,8,190 lb // 86 kg,1963
Joker,"Red Hood I, Clown Prince of Crime, Harlequin of Hate, Jack Napier, Joe Kerr, Mr. J",bad,70,60,Green,Jack Napier,male,Green,6'5 // 196 cm,100,-,-,43,DC Comics,Human,Human,White,12,10,192 lb // 86 kg,1940
Doctor-Strange,"Sorcerer Supreme, Master of the Mystic Arts, Stephen Sanders, Captain Universe, Vincent Stevens",good,60,84,Grey,Stephen Vincent Strange,male,Black,6'2 // 188 cm,100,-,"Philadelphia, Pennsylvania",100,Marvel Comics,Human,Human,,12,10,180 lb // 81 kg,1963
Forge,"The Maker, Cheyenne",good,48,28,Brown,-,unidentified,Black,6' // 183 cm,63,-,"Unrevealed, presumably in the American West",20,Marvel Comics,-,Unknown,,12,10,180 lb // 81 kg,1984
Armor,"X-Girl, Kid",good,54,80,Black,Hisako Ichiki,female,Black,5'4 // 163 cm,50,-,-,55,Marvel Comics,-,Unknown,,12,63,112 lb // 50 kg,2004
Bushido,-,good,70,10,-,Ryuko Orsono,male,-,- // 0 cm,38,-,-,19,DC Comics,Human,Human,,8,10,- lb // 0 kg,2000
Walrus,-,bad,20,50,Blue,Hubert Carpent,male,Black,6'0 // 183 cm,50,-,"Brooklyn, New York",11,Marvel Comics,Human,Human,,8,28,360 lb // 162 kg,1984
Ben-10,Ben Ten,good,40,10,-,Benjamin Kirby Tennyson,male,-,- // 0 cm,10,-,-,90,DC Comics,-,Unknown,,8,7,- lb // 0 kg,2005
John-Constantine,Hellblazer,good,65,40,Blue,John Constantine,male,Blond,6'0 // 183 cm,63,-,-,49,DC Comics,Human,Human,,8,10,- lb // 0 kg,1985
Hawkeye-II,Kate Bishop,good,50,10,Blue,Katherine Elizabeth Bishop,female,Black,5'5 // 165 cm,50,-,"New York City, New York",24,Marvel Comics,Human,Human,,8,6,126 lb // 57 kg,2005
Purple-Man,Kilgrave,bad,10,30,Purple,Zebediah Killgrave,male,Purple,5'11 // 180 cm,56,-,-,92,Marvel Comics,Human,Human,Purple,8,10,165 lb // 74 kg,1964
Blackwulf,"Pelops, Black Wolf",-,25,30,Red,Lucian,male,White,6'2 // 188 cm,50,-,Armechadon,69,Marvel Comics,Alien,Alien,,8,28,195 lb // 88 kg,1994
Cottonmouth,Quincy McIver,bad,25,10,Brown,Burchell Clemens,male,Black,6'0 // 183 cm,50,-,-,27,Marvel Comics,Human,Human,,8,10,220 lb // 99 kg,1974
Black-Knight-III,"The Pendragon, Gann Josin, Eobar Garrington",good,70,70,Brown,Dane Whitman,male,Brown,6'0 // 183 cm,63,-,"Gloucester, Massachusetts",43,Marvel Comics,Human,Human,,8,10,190 lb // 86 kg,1967
Man-Thing,the Vagornus Koth; the Swamp Walker; Mr. Salad; Walking Mulch Heap,good,40,100,Red,Dr. Theodore Sallis,male,No Hair,7'0 // 213 cm,50,-,-,100,Marvel Comics,-,Unknown,Green,8,32,500 lb // 225 kg,1971
Rip-Hunter,"Time Lord, Time Master, Boppy, Dr. Hunter, Mr, Hunter, Carter",good,25,10,Blue,-,male,Blond,- // 0 cm,100,-,-,93,DC Comics,Human,Human,,8,8,- lb // 0 kg,1959
Negasonic-Teenage-Warhead,Warhead,good,35,10,Black,-,female,Black,- // 0 cm,50,-,-,45,Marvel Comics,Mutant,Mutant,,8,7,- lb // 0 kg,2001
Franklin-Storm,Franklin Storm was erroneously believed to be the first Invincible Man,good,10,1,Blue,Dr. Franklin Storm,unidentified,Grey,6'2' // 188 cm,38,-,Place of birth unknown,0,Marvel Comics,-,Unknown,,1,10,205 lb // 92 kg,1964